Series Name,Series Code,Country Name,Country Code,1970 [YR1970],1980 [YR1980],1990 [YR1990],2000 [YR2000],2014 [YR2014],2015 [YR2015],2016 [YR2016],2017 [YR2017],2018 [YR2018],2019 [YR2019],2020 [YR2020],2021 [YR2021],2022 [YR2022]
Population growth (annual %),SP.POP.GROW,Afghanistan,AFG,2.433182625,-3.924171694,0.202433956,1.443803024,3.657576065,3.121341229,2.581549399,2.866492148,2.885207973,2.908529093,3.134746908,2.851357654,2.534498317
Population growth (annual %),SP.POP.GROW,Albania,ALB,2.550851178,2.047963861,1.799085593,-0.637356834,-0.207047,-0.291205787,-0.159880412,-0.091972294,-0.246732042,-0.426007367,-0.574206959,-0.926918062,-1.21579032
Population growth (annual %),SP.POP.GROW,Algeria,DZA,2.234855142,3.102136962,2.494067638,1.402290858,1.97904881,1.999946051,1.993431689,1.957002471,1.903325428,1.839444886,1.732456728,1.657703201,1.628339254
Population growth (annual %),SP.POP.GROW,American Samoa,ASM,2.539830937,2.590587034,3.251938942,1.098229024,-1.478945711,-1.639270188,-1.807230769,-1.971818747,-2.122935674,-2.304138699,-2.42124971,-2.530170926,-1.706495481
Population growth (annual %),SP.POP.GROW,Andorra,AND,7.369749014,4.212628094,3.66933416,0.670960074,0.355274942,0.17437769,1.10060299,1.772182713,1.580147087,1.757491257,1.761891295,1.702288225,0.994607149
Population growth (annual %),SP.POP.GROW,Angola,AGO,1.694525767,3.503984655,3.345143647,3.244121467,3.684428967,3.617677518,3.586211007,3.550986636,3.464456984,3.395277792,3.268348405,3.166029862,3.096752671
Population growth (annual %),SP.POP.GROW,Antigua and Barbuda,ATG,1.2085069,0.432439785,-0.485177852,1.657793414,0.831589248,0.786935419,0.690288329,0.610956145,0.554872966,0.534443401,0.592053943,0.597151595,0.581875833
Population growth (annual %),SP.POP.GROW,Argentina,ARG,1.567299648,1.584918714,1.456402515,1.133277022,1.099461091,1.078001344,1.057181578,1.037133897,1.015808349,0.993397493,0.970053991,0.947490959,0.925835474
Population growth (annual %),SP.POP.GROW,Armenia,ARM,2.315851124,1.221577915,3.093958531,-1.176786289,-0.395592881,-0.392995249,-0.444257167,-0.486625263,-0.540251082,-0.564065543,-0.533006607,-0.522963243,-0.377102034
Population growth (annual %),SP.POP.GROW,Aruba,ABW,-0.378263817,0.420043588,1.712906785,2.539234444,0.69161526,0.637959162,0.590062487,0.537295706,0.494795263,0.451969659,0.134255302,-0.045044623,-0.086392283
Population growth (annual %),SP.POP.GROW,Australia,AUS,1.970188879,1.21894271,1.480046937,1.144472851,1.491566489,1.439216653,1.561940498,1.646827797,1.49599671,1.477490711,1.233428251,0.140895083,1.238638797
Population growth (annual %),SP.POP.GROW,Austria,AUT,0.349218946,0.000105968,0.762001611,0.240466652,0.781541633,1.120992502,1.081396299,0.694621104,0.487071925,0.444673639,0.415176732,0.435671684,0.956287797
Population growth (annual %),SP.POP.GROW,Azerbaijan,AZE,2.125068366,1.45851929,1.384413502,0.821519964,1.248208997,1.191209858,1.11785721,0.981261805,0.866316916,0.846646726,0.684365325,0.441197736,0.039507866
Population growth (annual %),SP.POP.GROW,"Bahamas, The",BHS,3.6289698,1.952324983,1.934514197,1.469762358,0.898582547,0.912227428,0.831528122,0.765793759,0.720668948,0.657441085,0.471994445,0.352416997,0.508137884
Population growth (annual %),SP.POP.GROW,Bahrain,BHR,2.66788124,4.483530929,3.354520354,2.751576261,3.845379359,3.816604913,3.429078922,3.291633803,2.072370164,0.459362585,-1.125242678,-0.96602484,0.611005553
Population growth (annual %),SP.POP.GROW,Bangladesh,BGD,2.511139321,2.438180842,2.126059061,1.905524049,1.245960208,1.191061127,1.230795354,1.249724066,1.161378463,1.11317249,1.14420974,1.149318476,1.074836743
Population growth (annual %),SP.POP.GROW,Barbados,BRB,0.333201551,0.490603049,0.042115269,0.184181268,0.226568488,0.212392264,0.2033295,0.192888292,0.179288798,0.175755759,0.182929163,0.180461454,0.15457464
Population growth (annual %),SP.POP.GROW,Belarus,BLR,0.885501942,0.613722216,0.190065083,-0.471131335,0.056151568,0.132853237,0.087721088,-0.109782323,-0.213824207,-0.201786601,-0.42347525,-0.828232721,-0.804228427
Population growth (annual %),SP.POP.GROW,Belgium,BEL,0.098613692,0.110211166,0.298235706,0.242517956,0.443929288,0.579446242,0.506300002,0.385228018,0.455184695,0.540461327,0.430996815,0.411601997,0.856132433
Population growth (annual %),SP.POP.GROW,Belize,BLZ,2.309242961,2.307076216,2.155728346,3.2437287,2.194276752,2.116320634,2.046871171,1.98926784,1.948634454,1.823016119,1.486221516,1.285629921,1.301640251
Population growth (annual %),SP.POP.GROW,Benin,BEN,2.081313854,2.684288339,3.040627698,3.038456621,2.92622898,2.951249123,2.949828144,2.946321561,2.922392187,2.887074085,2.829138113,2.759705179,2.702041089
Population growth (annual %),SP.POP.GROW,Bermuda,BMU,1.834913867,1.604164574,0.820876765,0.890208774,0.210544188,0.151869636,-1.05247098,-1.060534596,0.070427498,-0.010952131,-0.028168133,-0.202104145,-0.36450518
Population growth (annual %),SP.POP.GROW,Bhutan,BTN,3.263861008,3.228881291,2.581739927,2.800570184,1.019359843,0.93496965,0.868973711,0.84469272,0.787111572,0.701252584,0.655471789,0.642586173,0.637077531
Population growth (annual %),SP.POP.GROW,Bolivia,BOL,2.195795772,2.215899146,2.094081697,1.803790492,1.603315107,1.57314494,1.547288296,1.520108881,1.487474197,1.457504391,1.33973922,1.193486719,1.190274813
Population growth (annual %),SP.POP.GROW,Bosnia and Herzegovina,BIH,1.19129738,0.820271006,0.291458993,0.632139635,-1.293477828,-1.317606589,-1.237305784,-1.18362668,-1.166594811,-1.166081335,-1.266771023,-1.440652596,-1.150513985
Population growth (annual %),SP.POP.GROW,Botswana,BWA,0.934203359,4.921962932,3.012018572,2.07271158,1.925085368,1.962368912,2.02880249,2.079222514,2.042785101,1.950856348,1.850985764,1.636742755,1.604757743
Population growth (annual %),SP.POP.GROW,Brazil,BRA,2.489481732,2.350675541,1.809855764,1.36677133,0.857834829,0.845992601,0.811256478,0.7922634,0.793768154,0.766107802,0.665176682,0.528590453,0.459583548
Population growth (annual %),SP.POP.GROW,British Virgin Islands,VGB,4.964116807,2.119706383,3.426152487,2.610377494,1.089758824,1.354221289,1.262177318,1.073606861,0.910677707,0.902459156,0.975300319,0.683520845,0.58628646
Population growth (annual %),SP.POP.GROW,Brunei Darussalam,BRN,4.080074629,3.228424169,3.144036266,2.082163543,1.196115463,1.140935878,1.075496158,1.000160159,0.924880805,0.865282212,0.835902309,0.822461682,0.811520876
Population growth (annual %),SP.POP.GROW,Bulgaria,BGR,0.654727362,0.402488745,-1.803750479,-0.493896417,-0.568389264,-0.638069468,-0.701382098,-0.730443175,-0.722080405,-0.703905641,-0.600241518,-0.814846472,-6.187252982
Population growth (annual %),SP.POP.GROW,Burkina Faso,BFA,1.724055284,2.67543923,2.619912481,2.983885587,2.979778499,2.972345608,2.934811289,2.865655421,2.768681163,2.703875567,2.688787667,2.650375915,2.559988391
Population growth (annual %),SP.POP.GROW,Burundi,BDI,2.120917729,4.151871463,2.02808888,2.041721204,3.345863383,2.18870609,1.629024754,2.287301447,2.983823553,3.26424857,2.867082195,2.672478462,2.66016084
Population growth (annual %),SP.POP.GROW,Cabo Verde,CPV,3.089045972,1.02626097,1.774748296,1.899871878,1.130013792,1.109056551,1.12160807,1.16795055,1.099860052,1.01513458,0.967524169,0.902988883,0.884624345
Population growth (annual %),SP.POP.GROW,Cambodia,KHM,0.430483164,2.402430435,3.888891053,1.830648179,1.397775194,1.34979002,1.334085157,1.310482663,1.221445659,1.132442162,1.160057697,1.165135849,1.072167381
Population growth (annual %),SP.POP.GROW,Cameroon,CMR,2.61502854,3.299345727,3.031332547,2.636027267,3.03550757,3.147582249,2.992175416,2.833798095,2.763737638,2.774879781,2.711853658,2.635819406,2.598102588
Population growth (annual %),SP.POP.GROW,Canada,CAN,1.3978316,1.289594978,1.507660673,0.931281553,1.005337579,0.746339478,1.132348655,1.199520711,1.412455869,1.436136823,1.073795827,0.575421916,1.823370422
Population growth (annual %),SP.POP.GROW,Cayman Islands,CYM,3.398994773,4.313949266,4.474870114,3.497335382,2.287589883,2.24463645,2.182507103,2.107583017,2.028637661,1.908192659,1.764068377,1.218203729,0.833082382
Population growth (annual %),SP.POP.GROW,Central African Republic,CAF,2.242128714,1.038255292,3.076581854,2.800360479,-0.076949023,0.428340362,1.745175422,1.869860895,1.943058623,2.223361071,2.534093932,2.113637226,2.210795117
Population growth (annual %),SP.POP.GROW,Chad,TCD,1.989505687,0.12002945,2.721584666,3.414500241,3.569985466,3.184100813,3.148648506,3.324594916,3.378127749,3.294582728,3.16053306,3.163887505,3.115022186
Population growth (annual %),SP.POP.GROW,Channel Islands,CHI,0.929073009,0.104755437,0.981321463,0.341241968,0.697214601,0.79108558,0.93952721,0.90838964,1.229585322,1.277830313,1.000234462,0.913338674,0.805167545
Population growth (annual %),SP.POP.GROW,Chile,CHL,1.685965432,1.453400876,1.618750608,1.149041725,1.006814959,1.029425554,1.189061026,1.562055456,1.795962799,1.791391972,1.360643634,0.994344898,0.565514128
Population growth (annual %),SP.POP.GROW,China,CHN,2.761675566,1.254221052,1.467303211,0.787956593,0.63032639,0.581456147,0.573050906,0.605245013,0.467672053,0.35474089,0.23804087,0.0892522,-0.013099501
Population growth (annual %),SP.POP.GROW,Colombia,COL,2.484490169,2.306608015,2.102459933,1.619831406,0.947136923,0.941994067,1.068611891,1.512289606,1.895586751,1.830746942,1.470102032,1.143820916,0.691481571
Population growth (annual %),SP.POP.GROW,Comoros,COM,2.654680898,3.157500827,2.712040984,1.940427756,2.152692206,2.160064273,2.169616303,2.046896975,1.905027581,1.872447912,1.900940814,1.899440995,1.82699355
Population growth (annual %),SP.POP.GROW,"Congo, Dem. Rep.",COD,2.862216578,3.063930412,3.281169082,2.898841288,3.446016758,3.389391312,3.466034648,3.442766958,3.272827234,3.186288389,3.224478443,3.22252816,3.197835105
Population growth (annual %),SP.POP.GROW,"Congo, Rep.",COG,3.000201775,2.268973355,2.816911628,3.816978872,2.390288208,2.388405079,2.388865755,2.391085234,2.394184625,2.355238072,2.332086251,2.316488253,2.28055585
Population growth (annual %),SP.POP.GROW,Costa Rica,CRI,2.71636306,2.731109899,2.54138329,1.973588232,1.094945954,1.046343404,1.015470727,0.978713316,0.934615301,0.865128347,0.755771068,0.600406861,0.520031292
Population growth (annual %),SP.POP.GROW,Cote d'Ivoire,CIV,4.136484983,3.772700703,3.830423779,2.738250905,2.315242748,2.580767289,2.580675808,2.586254296,2.566474934,2.531287446,2.508618203,2.45530301,2.452703201
Population growth (annual %),SP.POP.GROW,Croatia,HRV,0.471663947,0.108846981,0.211805086,-0.986434859,-0.407343185,-0.824099164,-0.698383457,-1.200610165,-0.893486928,-0.554146739,-0.433210221,-4.256648902,-0.605075153
Population growth (annual %),SP.POP.GROW,Cuba,CUB,1.820169265,0.351269966,0.9406671,0.321944588,0.092232567,0.069407446,0.018675679,-0.049447897,-0.072015237,-0.101983052,-0.141475202,-0.393012542,-0.393269983
Population growth (annual %),SP.POP.GROW,Curacao,CUW,1.50218612,0.128425254,-1.051535839,-4.075386132,1.347641396,1.319593903,1.060316441,0.319536038,-0.525178744,-1.196439518,-1.596766195,-1.677791247,-1.569658341
Population growth (annual %),SP.POP.GROW,Cyprus,CYP,0.623502656,1.142329834,1.393044138,1.7700933,0.855564799,0.870039642,0.888918593,0.88447903,0.849324982,0.81751772,0.705573415,0.53599943,0.585013505
Population growth (annual %),SP.POP.GROW,Czechia,CZE,-0.389873238,0.115087338,-0.267830773,-0.280414108,0.105277582,0.196588748,0.192048416,0.265642664,0.334427262,0.393788864,0.243222682,-1.81187141,1.570972567
Population growth (annual %),SP.POP.GROW,Denmark,DNK,0.751422718,0.12160362,0.16245632,0.334233619,0.507053283,0.70642385,0.780392644,0.643350904,0.495838926,0.358130916,0.291641177,0.433414489,0.787502465
Population growth (annual %),SP.POP.GROW,Djibouti,DJI,6.428228401,6.785945785,10.21924103,3.101649749,1.768063846,1.721247739,1.675509258,1.645014013,1.617728543,1.576239752,1.493639579,1.40284751,1.373715349
Population growth (annual %),SP.POP.GROW,Dominica,DMA,1.297296539,0.288172774,-0.70847015,-0.513704758,0.798904314,0.91263243,0.097086,0.466977884,0.594793081,0.850614263,0.790672283,0.577535935,0.447816441
Population growth (annual %),SP.POP.GROW,Dominican Republic,DOM,2.784627457,2.283350577,2.111788867,1.526878889,1.223783405,1.196044004,1.163320183,1.130145929,1.10483768,1.074974829,1.076552247,1.068926667,0.992978305
Population growth (annual %),SP.POP.GROW,Ecuador,ECU,2.879225471,2.657405708,2.32006287,1.71308817,1.483598602,1.479835238,1.493389873,1.553356266,1.890909307,1.909683263,1.401904626,1.182063375,1.135599752
Population growth (annual %),SP.POP.GROW,"Egypt, Arab Rep.",EGY,2.285806213,2.58427185,2.564808557,2.071834706,2.34379305,2.205259807,2.086302846,1.989768495,1.898930768,1.794002125,1.733129572,1.658383679,1.56907383
Population growth (annual %),SP.POP.GROW,El Salvador,SLV,2.465339079,1.698782067,1.811554781,0.582883768,0.385376456,0.346286118,0.311563471,0.257949947,0.15447668,0.061720733,0.19906237,0.340068122,0.351368234
Population growth (annual %),SP.POP.GROW,Equatorial Guinea,GNQ,-0.594841963,3.085606219,3.74870611,4.470575159,4.036743237,3.920785477,3.784566151,3.633654843,3.481607477,3.335036794,2.732269498,2.378494519,2.44420929
Population growth (annual %),SP.POP.GROW,Eritrea,ERI,2.561383965,2.699158392,2.24976452,1.532995431,0.817492474,0.497672572,0.754064581,0.935971649,1.415949601,1.539273546,1.617399943,1.796101337,1.74475946
Population growth (annual %),SP.POP.GROW,Estonia,EST,1.096145451,0.603352238,0.066490191,0.483707162,-0.262256175,0.06555253,0.029112226,0.121070631,0.348039138,0.371554389,0.197559185,0.105996956,1.336551511
Population growth (annual %),SP.POP.GROW,Eswatini,SWZ,2.630806551,3.307382053,3.340741382,1.183692988,0.672496412,0.714313722,0.754508381,0.773005801,0.781899444,0.788402228,0.939644436,0.979052258,0.785236419
Population growth (annual %),SP.POP.GROW,Ethiopia,ETH,2.786272753,0.535537886,3.576541494,2.958805189,2.705428113,2.695393167,2.716053972,2.721331426,2.673321021,2.656010133,2.654859156,2.604319283,2.542089203
Population growth (annual %),SP.POP.GROW,Faroe Islands,FRO,1.059844796,1.280989934,-0.023165454,1.005918478,0.097024253,0.721624003,1.39145416,1.463978819,1.433043252,1.414731885,1.410260077,0.900256783,0.379320886
Population growth (annual %),SP.POP.GROW,Fiji,FJI,2.045283466,2.469497847,0.994899826,1.097520514,0.23039759,0.178965106,0.127589743,0.070534838,-0.0025027,-0.057797147,0.21284622,0.453976646,0.55609146
Population growth (annual %),SP.POP.GROW,Finland,FIN,-0.378718238,0.311078416,0.443382074,0.207606515,0.413560208,0.329383886,0.287421402,0.234670532,0.132641041,0.11019169,0.143641197,0.207288594,0.271944527
Population growth (annual %),SP.POP.GROW,France,FRA,0.876601788,0.544610152,0.480817154,0.686782587,0.468246342,0.35556924,0.263868789,0.290202116,0.358494582,0.341374143,0.271350508,0.285508619,0.305015247
Population growth (annual %),SP.POP.GROW,French Polynesia,PYF,3.529158537,3.121741975,2.163566652,1.649868262,0.637131095,0.658118801,0.599323883,0.648229492,0.727084625,0.706823206,0.732338552,0.69708774,0.736349223
Population growth (annual %),SP.POP.GROW,Gabon,GAB,2.12629222,2.554108171,2.734740583,2.559793886,3.341104101,3.086916384,2.804212109,2.555918598,2.391355225,2.289855365,2.195637043,2.097988103,2.021687102
Population growth (annual %),SP.POP.GROW,"Gambia, The",GMB,2.886761207,3.315054988,4.008088142,2.896423343,2.974334485,2.886819384,2.804045746,2.723485349,2.641376345,2.582686766,2.56215325,2.52879318,2.472147488
Population growth (annual %),SP.POP.GROW,Georgia,GEO,0.96583761,0.842900505,-0.027068389,-1.944629157,0.0469539,0.157481405,0.059816599,0.013386075,-0.039036546,-0.17156574,0.068656249,-0.379636607,0.104889951
Population growth (annual %),SP.POP.GROW,Germany,DEU,0.332661393,0.207430406,0.861969449,0.1354316,0.416877359,0.865702644,0.807218539,0.37372456,0.300526702,0.225519874,0.081693159,0.042327057,0.720875456
Population growth (annual %),SP.POP.GROW,Ghana,GHA,2.653292127,2.990447217,2.587307512,2.516518739,2.407644892,2.364269759,2.339383259,2.234945429,2.122679766,2.088931184,2.066268801,2.00774487,1.938982944
Population growth (annual %),SP.POP.GROW,Gibraltar,GIB,1.979363352,0.40452001,-1.348988732,0.165957178,0.126420318,0.209321015,0.138280732,0.113554419,0.140996192,0.113265896,0.073401233,-0.122365337,-0.061238864
Population growth (annual %),SP.POP.GROW,Greece,GRC,0.228196508,0.982220016,1.057808012,0.409041838,-0.66611329,-0.658861361,-0.415913028,-0.197783225,-0.202880238,-0.105339393,-0.214592107,-1.21680249,-1.355394593
Population growth (annual %),SP.POP.GROW,Greenland,GRL,3.286166448,1.202419297,0.541029273,0.178094437,-0.333398667,-0.322038549,0.128227978,-0.024920344,-0.265609141,0.359917714,0.252238303,0.506106194,0.014120056
Population growth (annual %),SP.POP.GROW,Grenada,GRD,-0.183041883,-0.425084815,-0.178543556,0.568483013,0.874356937,0.850810359,0.825295754,0.792907051,0.755485367,0.724563813,0.762219229,0.762873605,0.662275264
Population growth (annual %),SP.POP.GROW,Guam,GUM,2.020270732,2.289210185,1.827641357,1.125621224,0.292292129,0.259298371,0.218836685,0.154324682,0.042693991,-0.032018785,0.359326133,0.767004481,0.7244969
Population growth (annual %),SP.POP.GROW,Guatemala,GTM,2.507663212,2.494654354,2.734472527,2.433943645,1.728757603,1.691465093,1.658073318,1.6276538,1.600385982,1.560386048,1.519987854,1.480316806,1.439868495
Population growth (annual %),SP.POP.GROW,Guinea,GIN,1.844793824,1.773463045,3.49072387,1.963136385,2.482932008,2.549276719,2.589500041,2.563493813,2.533442442,2.537647078,2.512250121,2.444317219,2.390914134
Population growth (annual %),SP.POP.GROW,Guinea-Bissau,GNB,0.64143706,1.193437271,1.585298679,2.000211927,2.647941932,2.582649543,2.51887832,2.437890936,2.372337148,2.33629047,2.276453357,2.202589246,2.152839304
Population growth (annual %),SP.POP.GROW,Guyana,GUY,1.333467281,0.475830089,-0.770797136,0.136711369,0.493149308,0.520003881,0.535758732,0.547185665,2.875002859,1.671348097,-0.194366444,0.919614739,0.515592544
Population growth (annual %),SP.POP.GROW,Haiti,HTI,1.814556224,1.971842909,2.059521825,1.82614145,1.465967975,1.439893507,1.410821213,1.387530074,1.361131318,1.335138592,1.302919959,1.237298997,1.193341956
Population growth (annual %),SP.POP.GROW,Honduras,HND,2.967760173,3.098171305,2.80060965,2.731383,1.848619106,1.809362407,1.773336937,1.73985038,1.709728907,1.680696685,1.622836377,1.535139668,1.492118559
Population growth (annual %),SP.POP.GROW,"Hong Kong SAR, China",HKG,2.431443203,2.670080965,0.321315033,0.881594076,0.702370951,0.851197911,0.619366345,0.768513878,0.800230597,0.739283471,-0.358932662,-0.911776749,-0.907914524
Population growth (annual %),SP.POP.GROW,Hungary,HUN,0.379781402,0.065093729,-1.033117297,-0.259764908,-0.269378767,-0.237855002,-0.295110605,-0.265860932,-0.126786952,-0.04525571,-0.215067837,-0.413751024,-0.690781548
Population growth (annual %),SP.POP.GROW,Iceland,ISL,0.524268808,1.058896411,0.777662199,1.369192833,1.112504755,1.041940387,1.388081496,2.345582676,2.678142769,2.198932258,1.623086251,1.63931664,2.513773433
Population growth (annual %),SP.POP.GROW,India,IND,2.210183277,2.261218853,2.141140539,1.822184002,1.240362184,1.18779532,1.185046229,1.155624491,1.087527722,1.025310772,0.955220858,0.797216094,0.680372581
Population growth (annual %),SP.POP.GROW,Indonesia,IDN,2.708565578,2.379329522,1.778290867,1.447088484,1.159506642,1.110854932,1.058942059,1.006439524,0.966206436,0.937689274,0.840389268,0.694717688,0.636555115
Population growth (annual %),SP.POP.GROW,"Iran, Islamic Rep.",IRN,2.874048016,3.475131432,3.927634041,1.645391949,1.897214219,2.261784926,1.835807917,1.428825527,1.307882209,1.099593263,0.835176148,0.722822505,0.710745643
Population growth (annual %),SP.POP.GROW,Iraq,IRQ,3.469951431,3.120987456,1.229559824,3.336246694,3.50227675,2.71497647,2.4594025,2.357692329,2.417560687,2.368388314,2.362111839,2.26888921,2.186916934
Population growth (annual %),SP.POP.GROW,Ireland,IRL,0.835333131,1.150818338,0.084413021,1.333042666,0.731001377,0.944845307,1.128834064,1.088675561,1.238875453,1.367626954,1.029110503,0.953878184,1.850503784
Population growth (annual %),SP.POP.GROW,Isle of Man,IMN,2.192104012,1.336560928,1.647121898,1.190189114,-0.295168031,-0.3618152,-0.171213442,0.155660691,0.23303766,0.18842279,0.134540647,0.2578592,0.303350116
Population growth (annual %),SP.POP.GROW,Israel,ISR,3.315976347,2.400950403,3.094603009,2.642331913,1.919543799,1.981288976,1.960348962,1.938725674,1.926622865,1.90898264,1.763679392,1.681905517,1.966368848
Population growth (annual %),SP.POP.GROW,Italy,ITA,0.528877032,0.205999752,0.083708573,0.045303631,0.917504096,-0.096376133,-0.169884073,-0.149861117,-0.19006364,-1.153028424,-0.487095092,-0.515599999,-0.326488181
Population growth (annual %),SP.POP.GROW,Jamaica,JAM,1.325300836,1.348711765,0.783359845,0.611850749,0.410748099,0.354975146,0.294793626,0.202492606,0.12309148,0.068899222,0.236519558,0.257040922,-0.011246541
Population growth (annual %),SP.POP.GROW,Japan,JPN,1.151640472,0.788153476,0.331782885,0.167275578,-0.132694222,-0.106124994,-0.051137415,-0.081874296,-0.126880068,-0.140464978,-0.294194618,-0.459952416,-0.443851919
Population growth (annual %),SP.POP.GROW,Jordan,JOR,6.017155779,3.620388223,4.996459234,2.106594083,11.79401566,9.219917888,4.835850135,2.485009342,2.365102658,2.257509754,2.127362818,1.989076856,1.226636566
Population growth (annual %),SP.POP.GROW,Kazakhstan,KAZ,1.833431225,1.528015097,0.604342663,-0.300201487,1.472670873,1.461484685,1.42204614,1.360381269,1.314522985,1.28960849,1.298635325,1.299508438,3.215898096
Population growth (annual %),SP.POP.GROW,Kenya,KEN,3.851966208,3.562472319,3.400831691,2.915446842,2.294178016,2.20032212,2.202145562,2.175708427,2.032734005,1.978456948,2.009700111,1.942761283,1.909510311
Population growth (annual %),SP.POP.GROW,Kiribati,KIR,1.956796291,1.721606856,2.272580302,1.745494732,1.466543437,1.486483528,1.535613884,1.548120924,1.565423542,1.606512389,1.772654752,1.888540758,1.813156636
Population growth (annual %),SP.POP.GROW,"Korea, Dem. People's Rep.",PRK,2.644524356,1.425957925,1.475080753,0.698115634,0.495979807,0.52351508,0.519654351,0.497821204,0.476315092,0.45644682,0.4340173,0.40294521,0.37472956
Population growth (annual %),SP.POP.GROW,"Korea, Rep.",KOR,2.184173947,1.558462678,0.985130494,0.836180864,0.628149861,0.527288497,0.396851823,0.280968018,0.433519028,0.347874969,0.137869266,-0.176408651,-0.225898557
Population growth (annual %),SP.POP.GROW,Kosovo,XKX,2.323756013,1.992097749,1.897590146,-3.582127645,-0.294473631,-1.364932338,-0.596734074,0.753584843,0.339010962,-0.457730006,0.070131109,-0.229015994,-1.35587444
Population growth (annual %),SP.POP.GROW,Kuwait,KWT,7.733291546,5.61745616,-27.72222482,3.015393997,3.106740562,3.837569365,3.502809085,1.8798817,4.55608227,2.829852402,-1.832820647,-2.562808093,0.440405187
Population growth (annual %),SP.POP.GROW,Kyrgyz Republic,KGZ,2.223945997,1.824471061,1.924484883,1.191125924,2.006107899,2.059025966,2.037224422,1.933647156,1.99032207,2.08787614,1.897863823,2.898362886,2.931481417
Population growth (annual %),SP.POP.GROW,Lao PDR,LAO,2.389646246,1.954337506,2.842489334,1.686007204,1.364912288,1.423956165,1.519813691,1.534364495,1.518707268,1.495404815,1.47745666,1.433214065,1.396495684
Population growth (annual %),SP.POP.GROW,Latvia,LVA,0.680132523,0.229111155,-0.142736398,-0.963935407,-0.941743354,-0.818626341,-0.913885332,-0.886215573,-0.779138396,-0.69523914,-0.701211571,-0.843294678,-0.271369578
Population growth (annual %),SP.POP.GROW,Lebanon,LBN,2.463905139,2.098249695,1.915947495,1.648031352,9.971969542,1.966373269,-2.21727979,-2.415521032,-2.627212541,-2.879865896,-2.079336906,-1.249035167,-1.856912493
Population growth (annual %),SP.POP.GROW,Lesotho,LSO,3.537425293,2.791735978,1.789459565,0.219741613,1.021936222,1.104914388,1.189533622,1.2397919,1.254413132,1.251678122,1.267840873,1.20621788,1.062557097
Population growth (annual %),SP.POP.GROW,Liberia,LBR,2.608540806,2.973272555,-12.64553318,3.711300592,2.058594538,2.035413638,2.012596657,1.905489441,1.915395937,1.94236198,2.031168603,2.05886078,2.082087222
Population growth (annual %),SP.POP.GROW,Libya,LBY,2.457918009,5.046474082,2.556388295,1.895562666,1.862888263,1.537394116,1.442351312,1.517588879,1.548437626,1.399514414,1.283445092,1.214947645,1.137688282
Population growth (annual %),SP.POP.GROW,Liechtenstein,LIE,2.550141794,1.559917965,1.428545704,1.252282479,0.784827173,0.695762434,0.677661203,0.741744904,0.767717718,0.785258982,0.709498302,0.727556394,0.735015942
Population growth (annual %),SP.POP.GROW,Lithuania,LTU,1.036281026,0.451032941,0.36799903,-0.70338544,-0.859827343,-0.940753797,-1.270694533,-1.398322201,-0.954190459,-0.264704355,0.026766758,0.21280543,1.09366808
Population growth (annual %),SP.POP.GROW,Luxembourg,LUX,0.493889467,0.355980932,1.251745707,1.344082996,2.356978705,2.359951181,2.155311988,2.430976418,1.928837514,1.96284492,1.666358674,1.518349367,2.016667902
Population growth (annual %),SP.POP.GROW,"Macao SAR, China",MAC,2.81667175,-0.111215911,3.750204939,1.487756823,1.802575819,1.816016042,1.843799893,1.884356438,1.920344372,1.926360529,1.885220497,1.515044864,1.239146684
Population growth (annual %),SP.POP.GROW,Madagascar,MDG,2.894410068,2.901183726,2.955257307,3.039901008,2.627137771,2.588187143,2.586011484,2.584164852,2.554077041,2.525316628,2.482422893,2.416869374,2.37869515
Population growth (annual %),SP.POP.GROW,Malawi,MWI,2.457553653,3.875226902,3.898741981,2.300935218,2.788813239,2.759113701,2.717814084,2.695466368,2.685561427,2.68285756,2.665771783,2.611417766,2.559138271
Population growth (annual %),SP.POP.GROW,Malaysia,MYS,2.404099408,2.611774552,2.877739569,2.544593667,1.553018271,1.499409724,1.462069866,1.415369333,1.31563682,1.241514631,1.199859622,1.119853991,1.079363741
Population growth (annual %),SP.POP.GROW,Maldives,MDV,3.026440558,2.805114845,3.170324263,1.568301447,3.917483406,4.422534092,4.196904224,3.926287795,3.599640348,2.96723054,1.949134572,1.355177392,0.445829655
Population growth (annual %),SP.POP.GROW,Mali,MLI,1.503431699,2.11789974,1.929091624,2.907829296,3.170675518,3.146747167,3.190441423,3.216407258,3.174850089,3.126669914,3.142603659,3.157964369,3.095209254
Population growth (annual %),SP.POP.GROW,Malta,MLT,-0.543703457,1.048602675,0.978313699,0.645267231,1.996754408,2.386395363,2.288615441,2.738662856,3.491955403,3.931356319,2.211207678,0.619810316,2.396534832
Population growth (annual %),SP.POP.GROW,Marshall Islands,MHL,5.779424087,3.453992574,2.326682646,0.721837705,-1.833579585,-2.021525531,-2.21210383,-2.391336363,-2.571619347,-2.780253373,-2.98407683,-3.189954901,-1.150468925
Population growth (annual %),SP.POP.GROW,Mauritania,MRT,3.018370004,2.907745339,2.574549548,2.799182084,2.64221126,2.645957102,2.642528022,2.633524111,2.626187803,2.614654755,2.58400208,2.553910771,2.591601268
Population growth (annual %),SP.POP.GROW,Mauritius,MUS,1.659578923,1.686012316,0.712313471,0.982676166,0.181022098,0.13240433,0.068708233,0.090167266,0.054535454,0.032233064,0.00229068,0.025272988,-0.301401217
Population growth (annual %),SP.POP.GROW,Mexico,MEX,3.181789903,2.591854611,1.83597705,1.584550787,1.241466716,1.16700885,1.133234288,1.080420738,0.951668644,0.86026509,0.727243816,0.559420832,0.628607803
Population growth (annual %),SP.POP.GROW,"Micronesia, Fed. Sts.",FSM,3.01679148,2.905538372,1.849601599,0.152297026,0.381376448,0.400941559,0.4220858,0.458352099,0.450852096,0.404844283,0.650605244,0.9101587,0.908957181
Population growth (annual %),SP.POP.GROW,Moldova,MDA,1.118416835,0.861707082,0.461654049,-0.203371722,-0.06097206,-0.76704956,-1.163022378,-1.727058466,-1.757004421,-1.600316536,-1.098031659,-1.503429523,-2.216966827
Population growth (annual %),SP.POP.GROW,Monaco,MCO,1.640913337,0.897798648,0.831034299,0.21893655,1.915204971,1.78404622,0.84246953,-0.072859748,-0.040500588,0.013502019,-0.302883027,-0.641236846,-0.593262624
Population growth (annual %),SP.POP.GROW,Mongolia,MNG,2.503723638,2.404244527,1.896626372,0.921869511,2.006686708,2.110866279,2.162336948,2.170490155,2.17135598,2.139997096,1.897015028,1.609371036,1.499669086
Population growth (annual %),SP.POP.GROW,Montenegro,MNE,-0.181916254,1.003961057,-0.032812754,-0.027974019,0.097022011,0.056110724,0.023142531,0.011247907,-0.023461353,-0.031987013,-0.116139361,-0.337762722,-0.323190384
Population growth (annual %),SP.POP.GROW,Morocco,MAR,2.635983018,2.629928741,1.735344812,1.330562927,1.30806294,1.253058273,1.223170234,1.191629424,1.117897027,1.043584127,1.053160179,1.051484312,1.023391979
Population growth (annual %),SP.POP.GROW,Mozambique,MOZ,2.330238816,2.535405199,1.635855392,2.453305506,3.068933869,3.043019717,3.129155499,3.103185139,2.946887151,2.886566535,2.904819659,2.842112349,2.744193061
Population growth (annual %),SP.POP.GROW,Myanmar,MMR,2.315978258,1.943116515,1.533242451,1.096712638,0.8338601,0.802515043,0.790127201,0.76020596,0.719693109,0.707999098,0.719472826,0.699278204,0.706117427
Population growth (annual %),SP.POP.GROW,Namibia,NAM,2.902819749,1.930410097,6.09436073,2.271949367,1.730943939,1.754600381,1.765026533,1.756999185,1.725164552,1.688468173,1.720310624,1.63585889,1.446359184
Population growth (annual %),SP.POP.GROW,Nauru,NRU,2.353764422,0.64384954,3.089539001,-0.05780347,2.274296047,2.214779795,2.228011886,2.119548182,2.05039802,1.729341401,1.497144175,1.579022576,1.247087134
Population growth (annual %),SP.POP.GROW,Nepal,NPL,2.17862713,2.346992709,2.432697129,1.709775886,0.293747924,0.53827062,0.904474047,1.149953723,1.140549365,1.136351607,1.774268056,2.311723712,1.692246601
Population growth (annual %),SP.POP.GROW,Netherlands,NLD,1.238932661,0.791331808,0.688603823,0.714770363,0.359828173,0.443220089,0.53217888,0.591203366,0.583933409,0.655071575,0.55554079,0.523490508,0.953278923
Population growth (annual %),SP.POP.GROW,New Caledonia,NCL,7.410797215,1.112917608,2.368989136,1.901374378,1.65510643,0.524642605,0.28164857,0.218102595,0.13284625,0.025810734,-0.059005755,-0.254861903,-0.433647202
Population growth (annual %),SP.POP.GROW,New Zealand,NZL,1.357592266,0.125363651,0.923222729,0.587564086,1.661012001,2.036033909,2.2460321,2.088722723,1.791240168,1.591158896,2.204788696,0.415621677,0.248156055
Population growth (annual %),SP.POP.GROW,Nicaragua,NIC,3.248070685,2.731166656,2.354299408,1.441945342,1.448704792,1.437940024,1.428747396,1.418806285,1.405104723,1.385484725,1.370695685,1.39120242,1.418278462
Population growth (annual %),SP.POP.GROW,Niger,NER,2.751049702,3.059794332,3.088463793,3.423750056,3.78117877,3.828859384,3.867091205,3.826933982,3.787596499,3.765444885,3.727100725,3.707423785,3.712987818
Population growth (annual %),SP.POP.GROW,Nigeria,NGA,2.198785655,3.063712488,2.628598955,2.60286877,2.628123853,2.541187462,2.507034086,2.52731692,2.496644904,2.448200698,2.440608885,2.406363381,2.380007155
Population growth (annual %),SP.POP.GROW,North Macedonia,MKD,1.415159388,1.46152866,0.232540021,0.455448702,0.166476984,0.133165885,0.109300286,0.097034195,0.08263629,0.022971838,-0.200664047,-0.359578822,-0.359612891
Population growth (annual %),SP.POP.GROW,Northern Mariana Islands,MNP,1.90102764,6.564058734,4.567120501,5.239582527,-0.548094106,-0.661703101,-0.742353405,-0.793234216,-0.841314238,-0.890563183,-0.545026237,-0.21399451,0.14136847
Population growth (annual %),SP.POP.GROW,Norway,NOR,0.726516019,0.321225576,0.344151413,0.649044821,1.127736677,0.995084737,0.880969815,0.807673182,0.660090844,0.675061373,0.588757324,0.534772282,0.898395221
Population growth (annual %),SP.POP.GROW,Oman,OMN,2.582667262,5.464873881,5.156154514,1.359436833,4.922749682,4.451607888,4.804129785,3.216949041,1.297249487,0.035006805,-1.298245131,-0.505921839,1.227418238
Population growth (annual %),SP.POP.GROW,Pakistan,PAK,2.760026536,4.071545786,3.297471166,3.075552912,1.409182973,1.296551724,1.204055673,1.328135434,1.537172403,1.607981347,1.73302782,1.834062082,1.893245598
Population growth (annual %),SP.POP.GROW,Palau,PLW,1.838009567,-0.391007341,2.221578969,1.769595607,-0.050560379,-0.011239112,0.123560813,0.117802162,0.151256296,0.290665381,0.312082286,0.288921192,0.17184516
Population growth (annual %),SP.POP.GROW,Panama,PAN,2.824324151,2.335351601,2.121682894,1.971887913,1.744115718,1.741235434,1.734560022,1.716948722,1.675122976,1.602289731,1.451052137,1.315615015,1.308580191
Population growth (annual %),SP.POP.GROW,Papua New Guinea,PNG,2.363411815,2.046245841,2.644246065,3.45213294,2.61569523,2.543200663,2.468594345,2.39411256,2.325313322,2.260187811,2.147632274,2.02856054,1.923028218
Population growth (annual %),SP.POP.GROW,Paraguay,PRY,2.25307705,2.615901817,2.694307638,1.926945242,1.406543969,1.422003571,1.424983522,1.406913816,1.373970221,1.336574808,1.34872957,1.277616002,1.141244982
Population growth (annual %),SP.POP.GROW,Peru,PER,2.60419981,2.507807554,2.217105221,1.520442271,1.043651128,1.172230664,1.361225438,1.506946185,1.87582164,1.909725608,1.451402401,1.225660252,0.986112054
Population growth (annual %),SP.POP.GROW,Philippines,PHL,2.593516392,2.647981403,2.352971109,2.216794064,1.616840604,1.669830021,1.77382447,1.76102262,1.700247766,1.655183692,1.626632905,1.494557167,1.46331573
Population growth (annual %),SP.POP.GROW,Poland,POL,0.355759845,0.923267472,0.392398205,-1.044335398,-0.074846229,-0.066641101,-0.042985131,0.012480099,-0.000200133,-0.024427107,-0.175062058,-0.401728617,-2.482061133
Population growth (annual %),SP.POP.GROW,Portugal,PRT,-0.886270251,1.081432067,-0.21794848,0.702859953,-0.539190467,-0.414141102,-0.315459017,-0.24388941,-0.160104021,0.023733495,0.105114125,0.626850165,0.460948936
Population growth (annual %),SP.POP.GROW,Puerto Rico,PRI,1.253221144,1.189580284,0.890295757,0.276558689,-1.633128331,-1.759208258,-1.93497109,-2.418017622,-4.048391034,0.010646546,2.713976432,-0.57650769,-1.261613265
Population growth (annual %),SP.POP.GROW,Qatar,QAT,12.13942071,6.354472185,3.403389365,5.184450213,8.426885909,8.651162054,7.212802387,4.394554302,2.007081355,1.453317284,-1.682985039,-2.648531832,0.255862792
Population growth (annual %),SP.POP.GROW,Romania,ROU,1.198522854,0.527314448,0.174176628,-0.12944004,-0.374575498,-0.470052228,-0.573660845,-0.578007015,-0.587493307,-0.526814822,-0.550759893,-0.746036479,-0.393250874
Population growth (annual %),SP.POP.GROW,Russian Federation,RUS,0.569083468,0.70965548,0.168018341,-0.42061499,0.217642262,0.192557947,0.170245239,0.106870569,-0.013066892,-0.049568665,-0.230950389,0.039793394,0.07383012
Population growth (annual %),SP.POP.GROW,Rwanda,RWA,3.088183948,3.355470327,2.461592797,1.245731257,2.377534023,2.385955685,2.44299699,2.478807852,2.435038415,2.390794366,2.39670705,2.371751548,2.311603239
Population growth (annual %),SP.POP.GROW,Samoa,WSM,1.634055594,0.862384073,0.178533219,0.98138787,0.905168293,0.895083543,0.964528456,1.009752658,0.992505709,1.045535442,1.416968,1.768578216,1.640310066
Population growth (annual %),SP.POP.GROW,San Marino,SMR,-1.279684968,1.220763163,1.432483404,1.574421459,0.311965937,0.540630657,0.783340306,0.654001447,0.293203752,0.064389618,-0.501577645,-0.773412758,-0.252206943
Population growth (annual %),SP.POP.GROW,Sao Tome and Principe,STP,1.983897613,2.281776387,2.437585996,1.335118353,1.911859774,1.819823892,1.729161076,1.649789762,1.577599603,1.528403267,1.865994498,2.022036167,1.897114969
Population growth (annual %),SP.POP.GROW,Saudi Arabia,SAU,4.374344053,4.934163943,4.156068549,2.527236357,2.022032711,1.924622137,2.014458627,2.298160561,2.384150031,2.284589011,0.472667096,-0.129847471,1.267095358
Population growth (annual %),SP.POP.GROW,Senegal,SEN,2.94807856,2.474225557,2.883110009,2.353491864,2.71905101,2.72463609,2.715442959,2.717977838,2.714643282,2.697631159,2.684381849,2.645380545,2.572170153
Population growth (annual %),SP.POP.GROW,Serbia,SRB,0.388015145,0.408330498,0.065932619,-0.319524801,-0.469489291,-0.494772574,-0.523694463,-0.532191341,-0.546351969,-0.536610018,-0.666107601,-0.94368817,-2.517057567
Population growth (annual %),SP.POP.GROW,Seychelles,SYC,2.331063885,0.913088831,0.490359666,0.892658567,1.555395709,2.229795053,1.33763478,1.224033758,0.954291918,0.887925293,0.853707878,0.805183391,
Population growth (annual %),SP.POP.GROW,Sierra Leone,SLE,1.949963101,2.023163389,3.918799524,2.404784192,2.49317673,2.408687161,2.419508915,2.421134858,2.364713067,2.332840625,2.29903034,2.241767371,2.174091242
Population growth (annual %),SP.POP.GROW,Singapore,SGP,1.554898734,1.269234299,3.889093607,1.732042233,1.298440178,1.186376937,1.297436099,0.08859547,0.469704299,1.144283307,-0.311904961,-4.1703363,3.308620524
Population growth (annual %),SP.POP.GROW,Sint Maarten (Dutch part),SXM,7.718470832,5.89617888,7.040473911,-1.834377687,2.902265834,2.980223174,2.903978461,1.502331373,0.788033881,1.728465028,1.673100826,0.842576003,0.420974475
Population growth (annual %),SP.POP.GROW,Slovak Republic,SVK,0.433176524,0.82353269,0.439617095,-0.135376488,0.097045422,0.095033879,0.12892233,0.155178996,0.13850816,0.135328073,0.085769476,-0.212358808,-0.28486096
Population growth (annual %),SP.POP.GROW,Slovenia,SVN,0.640755486,0.989248309,0.090624343,0.29607496,0.098351922,0.075190689,0.073197207,0.065159039,0.362584395,0.696304046,0.669754656,0.26885197,0.185163078
Population growth (annual %),SP.POP.GROW,Solomon Islands,SLB,2.598964681,3.431365646,3.009631739,2.531673458,2.544765798,2.52650759,2.489244087,2.44276679,2.397106679,2.360101209,2.371387612,2.3817423,2.293477357
Population growth (annual %),SP.POP.GROW,Somalia,SOM,2.605639655,8.560385525,-0.517042261,3.940496982,3.492097731,3.359150333,3.770954383,3.919784777,3.613058958,3.633164904,3.418197348,3.146236588,3.069384352
Population growth (annual %),SP.POP.GROW,South Africa,ZAF,3.013861097,2.636079667,3.078393695,0.962864026,1.576294221,2.074016859,0.972003982,0.387278488,1.22553004,1.295073863,1.223179295,0.998920419,0.841058244
Population growth (annual %),SP.POP.GROW,South Sudan,SSD,1.219646616,2.395343186,0.934530012,4.41867396,0.96108528,-0.169451605,-1.15177979,-3.755484458,-2.497541774,0.502203354,1.506267728,1.3303716,1.52247695
Population growth (annual %),SP.POP.GROW,Spain,ESP,1.110631449,0.802963562,0.101828843,0.447137015,-0.298951059,-0.077588862,0.08443015,0.234587923,0.437982994,0.717715637,0.488502132,0.105799194,0.761701877
Population growth (annual %),SP.POP.GROW,Sri Lanka,LKA,2.199878693,1.777374061,1.24886002,0.565924638,0.508369831,0.456782306,0.415306726,0.378824726,0.755904689,0.611875946,0.53062656,1.075449957,0.11277264
Population growth (annual %),SP.POP.GROW,St. Kitts and Nevis,KNA,-2.562075533,-0.419103363,-0.872255249,1.408879605,0.046046298,0.00209251,-0.004185064,-0.006277924,-0.050237583,-0.102646831,-0.146821345,-0.075592142,0.107072011
Population growth (annual %),SP.POP.GROW,St. Lucia,LCA,1.450964658,1.80016143,1.304314037,0.782994723,0.473649182,0.467430587,0.448818488,0.424237575,0.408392601,0.389934037,0.36554733,0.230712748,0.114601078
Population growth (annual %),SP.POP.GROW,St. Martin (French part),MAF,2.725535587,2.658483381,6.704696799,1.740833279,-1.066300653,-0.685821046,-0.598589807,-0.90900535,-1.884529348,-2.183055951,-1.729799199,-1.875994925,-0.492635019
Population growth (annual %),SP.POP.GROW,St. Vincent and the Grenadines,VCT,1.363111322,0.557936156,0.148571913,-0.159783711,-0.501955691,-0.403010939,-0.488598021,-0.391467651,-0.254233405,-0.339668746,-0.278684637,-0.287130995,-0.368734814
Population growth (annual %),SP.POP.GROW,Sudan,SDN,3.045052801,4.292386521,1.780389554,2.559636908,2.774492861,3.107511671,3.110545313,3.254616171,3.191487022,2.893589969,2.756778785,2.70104594,2.630614261
Population growth (annual %),SP.POP.GROW,Suriname,SUR,3.291108441,-0.59802909,1.070748104,1.798973373,1.011803496,1.011747632,1.033435651,1.044652327,1.042273974,1.103178985,1.120467326,0.970459647,0.821271447
Population growth (annual %),SP.POP.GROW,Sweden,SWE,0.933484922,0.202996792,0.772602676,0.160575485,0.992219729,1.057454686,1.256453985,1.34744506,1.16164516,1.013722263,0.722703913,0.600591533,0.680582868
Population growth (annual %),SP.POP.GROW,Switzerland,CHE,0.722403831,0.397074419,1.026873072,0.561954617,1.220103973,1.138337152,1.092031174,0.933155889,0.736633975,0.713313668,0.730676195,0.765501039,0.814795736
Population growth (annual %),SP.POP.GROW,Syrian Arab Republic,SYR,3.344247076,3.408468179,3.067765618,2.523992719,-6.852117676,-4.415743721,-1.262419689,0.100775749,1.827393798,3.87953676,3.300177355,2.621583957,3.68690356
Population growth (annual %),SP.POP.GROW,Tajikistan,TJK,3.16221861,2.839845232,2.874664159,1.33895807,2.305131333,2.346816042,2.333580931,2.268623505,2.244592399,2.262424935,2.184426969,2.14442566,2.057876336
Population growth (annual %),SP.POP.GROW,Tanzania,TZA,3.363345744,3.153321319,2.641284007,2.836807943,3.119943583,3.344574305,3.476876501,3.371150805,3.189237171,3.02174626,3.013853284,3.007287233,2.958573452
Population growth (annual %),SP.POP.GROW,Thailand,THA,2.845629249,2.160714539,1.651130292,0.994280693,0.548005165,0.475496517,0.443771939,0.41152598,0.323321355,0.252691237,0.235182865,0.175345075,0.133884528
Population growth (annual %),SP.POP.GROW,Timor-Leste,TLS,1.780859129,1.202264216,2.45312036,1.342248186,1.983967971,1.755472386,1.54292008,1.513362435,1.485808227,1.462727124,1.515821141,1.598470014,1.52911923
Population growth (annual %),SP.POP.GROW,Togo,TGO,3.562179914,2.745848348,2.939892893,2.837256751,2.530998735,2.504545741,2.48615624,2.468078884,2.438994035,2.411629916,2.391219022,2.367338962,2.330910384
Population growth (annual %),SP.POP.GROW,Tonga,TON,1.734346398,0.209094655,0.353109861,0.607084495,-0.433288,-0.473800875,-0.391825983,-0.276617488,-0.251703882,-0.189432758,0.288290202,0.722298202,0.790139167
Population growth (annual %),SP.POP.GROW,Trinidad and Tobago,TTO,1.041720559,1.387600484,0.817215123,0.386573318,0.687007914,0.653834662,0.624885333,0.629391376,1.749909569,1.008120513,-0.119021693,0.493855745,0.352078597
Population growth (annual %),SP.POP.GROW,Tunisia,TUN,2.654933833,2.492982345,2.199686102,1.069538693,1.132157693,1.120928168,1.100433133,1.070575924,1.02422999,0.969662162,0.928583172,0.82886347,0.756904882
Population growth (annual %),SP.POP.GROW,Turkiye,TUR,2.331347446,2.066133744,1.893420696,1.457901876,1.3490889,1.33411577,1.345425935,1.296755712,1.353602986,1.429696881,0.970386031,0.910444903,0.984586244
Population growth (annual %),SP.POP.GROW,Turkmenistan,TKM,2.850925945,2.422159336,2.696449085,1.50061067,1.836543322,1.807271728,1.755611403,1.686657746,1.6069388,1.527482669,1.483129015,1.451977111,1.392296984
Population growth (annual %),SP.POP.GROW,Turks and Caicos Islands,TCA,0.035310735,3.563672479,4.203618539,4.139122749,4.05719186,4.343341672,4.568616473,4.093284964,4.040829587,3.767872714,2.738391724,1.87498501,1.297132164
Population growth (annual %),SP.POP.GROW,Tuvalu,TUV,0.60381448,2.34257915,1.813336131,-0.02074904,-0.174176145,-0.20205738,-0.230107332,-0.221402304,0.341124196,0.834063769,1.0261157,1.212244899,0.959325176
Population growth (annual %),SP.POP.GROW,Uganda,UGA,3.057608837,2.072783354,3.224801815,3.135355674,2.968986073,3.091309156,3.334994747,3.496468466,3.401277959,3.395090564,3.332808745,3.211427904,2.99862764
Population growth (annual %),SP.POP.GROW,Ukraine,UKR,0.611430942,0.46971788,0.228429531,-1.006579027,-0.479262,-0.26124968,-0.331333796,-0.386345311,-0.466425621,-0.53099416,-0.57424247,-0.702971858,-14.25703749
Population growth (annual %),SP.POP.GROW,United Arab Emirates,ARE,16.29547485,10.99634682,5.869033185,5.580387001,0.956397624,0.911950036,0.863868923,0.819744473,0.789450108,0.779087177,0.817694386,0.834812788,0.808075151
Population growth (annual %),SP.POP.GROW,United Kingdom,GBR,0.398722458,0.119517254,0.298930554,0.357300887,0.736463979,0.792367506,0.757874493,0.679374474,0.605929132,0.564131113,0.365758264,-0.081937241,-0.08193724
Population growth (annual %),SP.POP.GROW,United States,USA,1.165002667,0.959589923,1.12965052,1.112768997,0.73336152,0.736217309,0.724676067,0.632643995,0.526435396,0.455381286,0.9643479,0.156747055,0.377564531
Population growth (annual %),SP.POP.GROW,Uruguay,URY,0.586175271,0.441803972,0.615393885,0.403611037,0.309530574,0.328384513,0.321216886,0.246753839,0.141387932,0.039880674,0.019744819,-0.082446609,-0.101211066
Population growth (annual %),SP.POP.GROW,Uzbekistan,UZB,3.126462605,2.464554096,2.004838933,1.383746821,1.686900359,1.744258375,1.738849262,1.683506325,1.736986377,1.876470167,1.922126527,1.975706066,2.077644911
Population growth (annual %),SP.POP.GROW,Vanuatu,VUT,3.115167662,2.408681758,2.483495249,2.446460148,2.396916016,2.383501228,2.423035477,2.448780237,2.403028127,2.362076374,2.363729591,2.362741525,2.354426992
Population growth (annual %),SP.POP.GROW,"Venezuela, RB",VEN,3.077480968,2.813082446,2.435873888,1.904270627,1.183520166,1.108184995,0.691185784,-0.580806784,-2.443543225,-2.904995745,-1.674985598,-1.025178708,0.360447056
Population growth (annual %),SP.POP.GROW,Viet Nam,VNM,2.201516722,2.169712403,2.185104629,1.116867374,1.066398765,1.042270946,1.009226633,0.968719959,0.932840032,0.904491215,0.906299235,0.844181677,0.734794058
Population growth (annual %),SP.POP.GROW,Virgin Islands (U.S.),VIR,5.132977797,3.527091819,2.850869155,0.039587371,-0.14727475,-0.157703865,-0.182132487,-0.218811337,-0.261338012,-0.310759833,-0.355937434,-0.395928119,-0.43259582
Population growth (annual %),SP.POP.GROW,West Bank and Gaza,PSE,,,,2.555235698,2.344077211,2.290480058,2.246105276,1.988686349,2.533011484,2.511782463,2.486549938,2.457038653,2.425537776
Population growth (annual %),SP.POP.GROW,"Yemen, Rep.",YEM,2.509839836,3.369756654,3.831380712,2.79878091,2.811072429,2.712954898,2.621537323,2.564320678,2.486359789,2.426207929,2.310447397,2.137789701,2.144628421
Population growth (annual %),SP.POP.GROW,Zambia,ZMB,2.90670101,2.962385882,2.571365355,2.766605591,3.247118003,3.191896262,3.147407493,3.113595493,3.061887802,3.007618107,2.933818135,2.840805978,2.758032343
Population growth (annual %),SP.POP.GROW,Zimbabwe,ZWE,3.098788884,5.752350726,2.680960131,1.003968752,2.191391056,2.136294238,2.081805725,2.043619899,2.020537288,1.989252748,2.03111171,2.045714878,2.02403631
Population growth (annual %),SP.POP.GROW,Africa Eastern and Southern,AFE,2.911526135,2.965406236,2.911012866,2.583579242,2.774990291,2.802585821,2.72815853,2.655671599,2.688371428,2.691134381,2.678183716,2.607471694,2.543756525
Population growth (annual %),SP.POP.GROW,Africa Western and Central,AFW,2.368198332,2.845010772,2.654931025,2.749599719,2.750730568,2.723317337,2.71305851,2.706266076,2.669238668,2.633982069,2.61564614,2.573377402,2.539799442
Population growth (annual %),SP.POP.GROW,Arab World,ARB,2.867173225,3.513750705,3.151268683,2.285934317,2.259225675,2.155966313,2.109697128,2.068738846,2.096194015,2.062686901,1.757899007,1.623335187,1.78833854
Population growth (annual %),SP.POP.GROW,Caribbean small states,CSS,1.421946703,1.04147758,0.622103278,0.715212644,0.632857821,0.606569184,0.562937585,0.528018772,0.97233788,0.670567417,0.278363632,0.49845744,0.315442235
Population growth (annual %),SP.POP.GROW,Central Europe and the Baltics,CEB,0.535377794,0.559422126,-0.052807883,-0.562187469,-0.209757193,-0.230243283,-0.255290913,-0.246809828,-0.196249608,-0.136450277,-0.213296993,-0.750584331,-1.286770666
Population growth (annual %),SP.POP.GROW,Early-demographic dividend,EAR,2.478896925,2.501037198,2.45728232,1.885652381,1.404914523,1.395370924,1.363403831,1.321020144,1.296433693,1.265303681,1.194213212,1.093083957,1.059145017
Population growth (annual %),SP.POP.GROW,East Asia & Pacific,EAS,2.592244414,1.492538732,1.51250348,0.944096982,0.749921648,0.71435793,0.70668095,0.710215377,0.612372615,0.532726654,0.428125777,0.264622664,0.209787711
Population growth (annual %),SP.POP.GROW,East Asia & Pacific (excluding high income),EAP,2.73581382,1.547421349,1.623893617,1.000152655,0.802570345,0.76160023,0.752047664,0.762469633,0.653823283,0.566575802,0.47411699,0.342553724,0.258223376
Population growth (annual %),SP.POP.GROW,East Asia & Pacific (IDA & IBRD countries),TEA,2.736574901,1.548910443,1.625719745,1.004061248,0.806408899,0.764568568,0.754938446,0.765756035,0.656020857,0.567934399,0.474607722,0.341803758,0.256778116
Population growth (annual %),SP.POP.GROW,Euro area,EMU,0.563268788,0.445337847,0.449465555,0.310412665,0.333977385,0.289724143,0.280903594,0.19925973,0.226536067,0.105440657,0.127883693,-0.005230557,0.40021908
Population growth (annual %),SP.POP.GROW,Europe & Central Asia,ECS,0.766772743,0.684193263,0.504109752,0.108791382,0.452191675,0.445852877,0.43430559,0.378309919,0.361256146,0.315793517,0.225571531,0.131257937,-0.345234213
Population growth (annual %),SP.POP.GROW,Europe & Central Asia (excluding high income),ECA,1.102986423,1.061389897,0.6743281,0.026838179,0.593579951,0.607238212,0.592396144,0.541468954,0.498931658,0.508075042,0.343862835,0.405396154,-0.960496559
Population growth (annual %),SP.POP.GROW,Europe & Central Asia (IDA & IBRD countries),TEC,1.031014148,1.00726575,0.616824272,-0.086099308,0.484146807,0.489273605,0.476039972,0.432867928,0.398296923,0.410556935,0.256594299,0.251047632,-1.055719577
Population growth (annual %),SP.POP.GROW,European Union,EUU,0.562025544,0.46340821,0.330153239,0.119792808,0.249764419,0.218367449,0.212647701,0.157067514,0.176129821,0.081899351,0.072674976,-0.114856338,0.043024914
Population growth (annual %),SP.POP.GROW,Fragile and conflict affected situations,FCS,2.233349547,2.264920421,2.647287694,2.249756597,2.341499071,2.265787019,2.263300453,2.24877641,2.214431133,2.248696256,2.294676291,2.253691329,1.726293388
Population growth (annual %),SP.POP.GROW,Heavily indebted poor countries (HIPC),HPC,2.719053118,2.403176516,2.65480599,2.723006933,2.912363805,2.902850457,2.919340803,2.944261595,2.884990185,2.836801176,2.817543318,2.755162134,2.686106465
Population growth (annual %),SP.POP.GROW,High income,HIC,1.006264818,0.820445874,0.720454328,0.611857022,0.572885173,0.56050244,0.569985664,0.507590433,0.486683359,0.42233974,0.405023511,-0.036267951,0.249443038
Population growth (annual %),SP.POP.GROW,IBRD only,IBD,2.34627418,1.822224314,1.747397398,1.218193085,1.06408814,1.019547605,0.972434549,0.93964803,0.868956325,0.800344382,0.706875806,0.581067643,0.378198634
Population growth (annual %),SP.POP.GROW,IDA & IBRD total,IBT,2.393646715,1.995532803,1.924674383,1.491096767,1.328865061,1.297681912,1.275179804,1.263456568,1.219473908,1.177622989,1.11900279,1.028626228,0.874352199
Population growth (annual %),SP.POP.GROW,IDA blend,IDB,2.694514224,3.569630548,2.970586736,2.74314665,2.064737514,1.987966595,1.93152367,1.977553298,2.038493534,2.052690346,2.103591628,2.124633571,2.137746941
Population growth (annual %),SP.POP.GROW,IDA only,IDX,2.577928046,2.388189903,2.476852412,2.347190218,2.161452117,2.200698776,2.290891707,2.32647538,2.327695084,2.351647389,2.361980198,2.336157562,2.266035806
Population growth (annual %),SP.POP.GROW,IDA total,IDA,2.613534146,2.757875071,2.638625668,2.478740154,2.129047431,2.129466734,2.170726283,2.210076028,2.2314378,2.252330903,2.276308555,2.266142835,2.223630777
Population growth (annual %),SP.POP.GROW,Late-demographic dividend,LTE,2.368706288,1.411839352,1.373335054,0.759044761,0.698156898,0.640044808,0.61698293,0.628757079,0.540528346,0.456905902,0.33711962,0.229965202,0.126427142
Population growth (annual %),SP.POP.GROW,Latin America & Caribbean,LCN,2.504136138,2.263098319,1.892928788,1.472946612,1.052262324,1.031361266,1.010373501,0.976426297,0.92001607,0.88607378,0.811903931,0.683382769,0.661078176
Population growth (annual %),SP.POP.GROW,Latin America & Caribbean (excluding high income),LAC,2.552390869,2.301493611,1.90131872,1.481847953,1.065479895,1.045801999,1.04108134,1.063706811,1.093883333,1.054611453,0.911196365,0.763974592,0.690885616
Population growth (annual %),SP.POP.GROW,Latin America & the Caribbean (IDA & IBRD countries),TLA,2.539973991,2.330168011,1.926131643,1.50987572,1.08720391,1.066235171,1.046112778,1.014889469,0.96547552,0.909572541,0.820442613,0.710327608,0.690572758
Population growth (annual %),SP.POP.GROW,Least developed countries: UN classification,LDC,2.516409944,2.354999982,2.491963066,2.439277872,2.455481731,2.425345674,2.452861057,2.464459528,2.423450725,2.41455322,2.438821333,2.40641521,2.330371939
Population growth (annual %),SP.POP.GROW,Low & middle income,LMY,2.431306982,2.010837649,1.993389608,1.514689046,1.341757344,1.3108601,1.289472074,1.282229536,1.245225691,1.204185548,1.141170879,1.051008525,0.89808857
Population growth (annual %),SP.POP.GROW,Low income,LIC,2.65214855,2.209858057,2.552945049,2.687607276,2.503727468,2.549000084,2.664237306,2.721065418,2.755770761,2.83572596,2.820510863,2.727872107,2.696520525
Population growth (annual %),SP.POP.GROW,Lower middle income,LMC,2.321155361,2.520024787,2.354225564,1.925089667,1.589984503,1.546349005,1.507492931,1.477390661,1.437394141,1.38992858,1.362918041,1.290783029,1.036332982
Population growth (annual %),SP.POP.GROW,Middle East & North Africa,MEA,2.866749123,3.256295613,3.5560462,2.08773004,2.098952533,2.048325119,1.909378526,1.774953887,1.792134846,1.747742061,1.429596075,1.293446954,1.46134817
Population growth (annual %),SP.POP.GROW,Middle East & North Africa (excluding high income),MNA,2.718385007,3.081610143,3.765790975,1.99105888,2.049524205,1.990790685,1.829282191,1.701806719,1.728241504,1.7280334,1.616426652,1.514551643,1.502504977
Population growth (annual %),SP.POP.GROW,Middle East & North Africa (IDA & IBRD countries),TMN,2.718385007,3.081610143,2.868794102,1.984885544,2.045867285,1.987077915,1.824231209,1.698287401,1.718609072,1.718570967,1.605884666,1.50306977,1.49115284
Population growth (annual %),SP.POP.GROW,Middle income,MIC,2.416726645,1.99705842,1.952799297,1.419070506,1.223607362,1.183372985,1.146006612,1.129824077,1.082707037,1.025743696,0.954210544,0.860872723,0.69039371
Population growth (annual %),SP.POP.GROW,North America,NAC,1.194141912,0.99674685,1.174097295,1.100928819,0.763365512,0.739847163,0.768191349,0.691849711,0.618128536,0.557163666,0.980198112,0.200021608,0.529046606
Population growth (annual %),SP.POP.GROW,OECD members,OED,1.123525874,0.946373063,0.884042915,0.726363969,0.641842857,0.623251772,0.637108256,0.603263209,0.591666658,0.529849544,0.547018024,0.179032421,0.341832667
Population growth (annual %),SP.POP.GROW,Other small states,OSS,1.941610404,2.416633205,2.666078644,1.883889127,2.415386779,2.468178558,2.325897246,2.079564706,1.791119566,1.622461528,1.174758308,1.009259495,1.408661789
Population growth (annual %),SP.POP.GROW,Pacific island small states,PSS,2.268389586,2.286858579,1.545440513,1.461914998,1.102910424,1.085848465,1.085289044,1.07611886,1.045098687,1.029548734,1.212466533,1.377346825,1.415970422
Population growth (annual %),SP.POP.GROW,Post-demographic dividend,PST,0.90791161,0.679458923,0.640939763,0.50042198,0.455201991,0.446977302,0.451993656,0.380470115,0.353497589,0.286634002,0.369415723,-0.075905341,-0.275379985
Population growth (annual %),SP.POP.GROW,Pre-demographic dividend,PRE,2.644812315,2.856701883,2.560145935,2.82034676,2.959364625,2.877038378,2.857384551,2.848981943,2.812317103,2.795168953,2.789566731,2.726008807,2.667479436
Population growth (annual %),SP.POP.GROW,Small states,SST,1.812980826,2.040010813,2.098030131,1.597092659,1.995617839,2.034519544,1.924820258,1.736381382,1.598786198,1.416846227,1.018456786,0.941843039,1.217966015
Population growth (annual %),SP.POP.GROW,South Asia,SAS,2.313035153,2.371123994,2.25463037,1.961818268,1.290443538,1.226596596,1.212442704,1.216359896,1.187651859,1.144473285,1.124469419,1.02946393,0.916782671
Population growth (annual %),SP.POP.GROW,South Asia (IDA & IBRD),TSA,2.313035153,2.371123994,2.25463037,1.961818268,1.290443538,1.226596596,1.212442704,1.216359896,1.187651859,1.144473285,1.124469419,1.02946393,0.916782671
Population growth (annual %),SP.POP.GROW,Sub-Saharan Africa,SSF,2.686353004,2.916499304,2.808383747,2.650201654,2.765155187,2.770454195,2.722040517,2.676168964,2.680617892,2.667976016,2.65285161,2.593666119,2.542154526
Population growth (annual %),SP.POP.GROW,Sub-Saharan Africa (excluding high income),SSA,2.686413008,2.9168311,2.80870268,2.65041732,2.765267985,2.770502193,2.722167911,2.676300976,2.680773015,2.668133352,2.653007911,2.593818809,2.540622288
Population growth (annual %),SP.POP.GROW,Sub-Saharan Africa (IDA & IBRD countries),TSS,2.686353004,2.916499304,2.808383747,2.650201654,2.765155187,2.770454195,2.722040517,2.676168964,2.680617892,2.667976016,2.65285161,2.593666119,2.542154526
Population growth (annual %),SP.POP.GROW,Upper middle income,UMC,2.490438667,1.580206907,1.604937188,0.942278088,0.832035757,0.792520285,0.753846827,0.74994474,0.692246158,0.621860205,0.49749135,0.376322945,0.296935096
Population growth (annual %),SP.POP.GROW,World,WLD,2.092560545,1.754707382,1.745535653,1.353162379,1.213632987,1.186406874,1.169192826,1.148487859,1.107764917,1.062656817,1.013088435,0.870822206,0.794100919
