Series Name,Series Code,Country Name,Country Code,1990 [YR1990],2000 [YR2000],2014 [YR2014],2015 [YR2015],2016 [YR2016],2017 [YR2017],2018 [YR2018],2019 [YR2019],2020 [YR2020],2021 [YR2021],2022 [YR2022]
"Population, female",SP.POP.TOTL.FE.IN,Afghanistan,AFG,5346409,9727541,16172321,16682054,17115346,17614722,18136922,18679089,19279930,19844584,20362329
"Population, female",SP.POP.TOTL.FE.IN,Albania,ALB,1613977,1557540,1439863,1435812,1433925,1433238,1430495,1425364,1418585,1407212,1392115
"Population, female",SP.POP.TOTL.FE.IN,Algeria,DZA,12547674,15076418,19004433,19390923,19783015,20175233,20564404,20948465,21318767,21680725,22040987
"Population, female",SP.POP.TOTL.FE.IN,American Samoa,ASM,23281,28572,26017,25629,25208,24762,24290,23786,23268,22746,22399
"Population, female",SP.POP.TOTL.FE.IN,Andorra,AND,25179,31812,35473,35557,35913,36456,36943,37502,38084,38673,39038
"Population, female",SP.POP.TOTL.FE.IN,Angola,AGO,5991207,8339311,13746371,14248799,14764575,15293335,15828040,16370553,16910989,17452283,17998220
"Population, female",SP.POP.TOTL.FE.IN,Antigua and Barbuda,ATG,32834,39748,46748,47087,47388,47658,47910,48156,48428,48709,48981
"Population, female",SP.POP.TOTL.FE.IN,Argentina,ARG,16574141,18790028,21562981,21791541,22019065,22244116,22467488,22689693,22911069,23130548,23345532
"Population, female",SP.POP.TOTL.FE.IN,Armenia,ARM,1837371,1672231,1568781,1565465,1561467,1556899,1551563,1545834,1540097,1534475,1530390
"Population, female",SP.POP.TOTL.FE.IN,Aruba,ABW,33480,46269,54403,54828,55224,55591,55935,56254,56373,56330,56272
"Population, female",SP.POP.TOTL.FE.IN,Australia,AUS,8555086,9585767,11807077,11988344,12185645,12392713,12581035,12766991,12921360,12934659,13092536
"Population, female",SP.POP.TOTL.FE.IN,Austria,AUT,4002701,4136746,4368440,4406154,4444108,4472047,4492714,4511982,4529542,4548093,4590312
"Population, female",SP.POP.TOTL.FE.IN,Azerbaijan,AZE,3714277,4179613,4843397,4897308,4949205,4995509,5036324,5076093,5110146,5135000,5137643
"Population, female",SP.POP.TOTL.FE.IN,"Bahamas, The",BHS,137614,166136,201821,203844,205736,207529,209250,210821,211965,212878,214167
"Population, female",SP.POP.TOTL.FE.IN,Bahrain,BHR,214558,291872,500430,520442,532635,544637,555346,560779,557039,554616,560034
"Population, female",SP.POP.TOTL.FE.IN,Bangladesh,BGD,52266330,63309967,78287731,79294197,80325176,81371533,82369393,83352043,84357236,85358163,86327159
"Population, female",SP.POP.TOTL.FE.IN,Barbados,BRB,134373,137797,144824,145073,145315,145542,145752,145957,146165,146366,146550
"Population, female",SP.POP.TOTL.FE.IN,Belarus,BLR,5424768,5330773,5080019,5087057,5091613,5086699,5077117,5069468,5052036,5014609,4979107
"Population, female",SP.POP.TOTL.FE.IN,Belgium,BEL,5095639,5238286,5700881,5729707,5754446,5772621,5794664,5821746,5842749,5863808,5911748
"Population, female",SP.POP.TOTL.FE.IN,Belize,BLZ,90169,118866,175274,178905,182514,186106,189707,193151,196111,198800,201525
"Population, female",SP.POP.TOTL.FE.IN,Benin,BEN,2608813,3529498,5313453,5469779,5630820,5796573,5965949,6138319,6312347,6487184,6663569
"Population, female",SP.POP.TOTL.FE.IN,Bermuda,BMU,30064,31707,33469,33515,33186,32880,32943,32985,33021,33004,32917
"Population, female",SP.POP.TOTL.FE.IN,Bhutan,BTN,267469,281372,344791,348088,351127,354282,357467,360356,363099,365818,368525
"Population, female",SP.POP.TOTL.FE.IN,Bolivia,BOL,3547153,4252810,5423617,5511477,5599297,5686999,5774185,5860919,5943886,6020925,6097747
"Population, female",SP.POP.TOTL.FE.IN,Bosnia and Herzegovina,BIH,2266919,2140676,1825837,1799407,1774917,1752004,1729892,1708207,1685553,1660775,1641713
"Population, female",SP.POP.TOTL.FE.IN,Botswana,BWA,696601,889044,1147988,1170371,1193829,1218333,1242730,1266499,1289694,1310688,1331489
"Population, female",SP.POP.TOTL.FE.IN,Brazil,BRA,75779994,88749390,103274465,104179515,105065188,105937948,106812144,107663080,108417015,109034931,109580471
"Population, female",SP.POP.TOTL.FE.IN,British Virgin Islands,VGB,7599,9777,14826,15063,15287,15482,15653,15825,16010,16146,16242
"Population, female",SP.POP.TOTL.FE.IN,Brunei Darussalam,BRN,121736,158010,200411,202801,205084,207238,209257,211173,213048,214922,216797
"Population, female",SP.POP.TOTL.FE.IN,Bulgaria,BGR,4465765,4233564,3723787,3699155,3672681,3645616,3618547,3592085,3570641,3542329,3329964
"Population, female",SP.POP.TOTL.FE.IN,Burkina Faso,BFA,4640485,6031953,9140912,9412600,9688281,9965204,10241740,10520378,10804024,11089986,11374607
"Population, female",SP.POP.TOTL.FE.IN,Burundi,BDI,2787001,3202178,5291412,5407378,5495462,5621203,5789861,5980560,6153627,6319427,6488650
"Population, female",SP.POP.TOTL.FE.IN,Cabo Verde,CPV,189934,235732,274372,277489,280659,283971,287116,290056,292895,295580,298239
"Population, female",SP.POP.TOTL.FE.IN,Cambodia,KHM,4660876,6162331,7684470,7788391,7892686,7996341,8094239,8186482,8281334,8376956,8468316
"Population, female",SP.POP.TOTL.FE.IN,Cameroon,CMR,5774111,7602707,11193372,11548794,11896708,12235344,12575513,12926852,13280460,13634397,13992014
"Population, female",SP.POP.TOTL.FE.IN,Canada,CAN,13963399,15492171,17855282,17988513,18192222,18406915,18659541,18921018,19121762,19230969,19583244
"Population, female",SP.POP.TOTL.FE.IN,Cayman Islands,CYM,13246,20191,29706,30339,30984,31627,32258,32849,33370,33738,34036
"Population, female",SP.POP.TOTL.FE.IN,Central African Republic,CAF,1385890,1868390,2394233,2405515,2448502,2495603,2545524,2603472,2670940,2728875,2790791
"Population, female",SP.POP.TOTL.FE.IN,Chad,TCD,2950185,4147546,6827550,7047152,7270988,7515149,7772311,8032044,8289666,8556210,8827313
"Population, female",SP.POP.TOTL.FE.IN,Channel Islands,CHI,72740,74886,81996,82592,83329,84025,84906,85807,86526,87239,87914
"Population, female",SP.POP.TOTL.FE.IN,Chile,CHL,6706184,7724143,8911559,9004176,9111944,9254199,9420150,9589082,9720358,9818163,9874202
"Population, female",SP.POP.TOTL.FE.IN,China,CHN,556822315,617082063,669700351,673690703,677689913,682006802,685468978,688179990,690171848,691219627,691528501
"Population, female",SP.POP.TOTL.FE.IN,Colombia,COL,16319819,19745251,23617367,23847355,24107989,24477100,24945907,25408106,25791075,26101321,26298417
"Population, female",SP.POP.TOTL.FE.IN,Comoros,COM,215832,270024,356575,364283,372233,379781,386817,393860,401263,408923,416416
"Population, female",SP.POP.TOTL.FE.IN,"Congo, Dem. Rep.",COD,18195981,24582226,38343735,39659606,41052552,42483740,43890310,45306478,46787187,48319268,49892177
"Population, female",SP.POP.TOTL.FE.IN,"Congo, Rep.",COG,1211708,1583527,2478001,2537273,2598046,2660503,2724474,2788979,2854622,2921372,2988624
"Population, female",SP.POP.TOTL.FE.IN,Costa Rica,CRI,1566500,1976587,2414032,2440173,2465916,2490983,2515262,2538156,2558483,2575216,2590119
"Population, female",SP.POP.TOTL.FE.IN,Cote d'Ivoire,CIV,5862374,8330187,11343487,11646213,11956537,12275633,12600637,12929424,13264169,13600535,13944972
"Population, female",SP.POP.TOTL.FE.IN,Croatia,HRV,2466779,2323582,2190210,2169815,2152392,2124310,2102981,2089106,2077963,1990345,1977678
"Population, female",SP.POP.TOTL.FE.IN,Cuba,CUB,5250938,5530949,5681712,5687872,5691556,5691861,5691084,5688414,5683880,5667114,5649497
"Population, female",SP.POP.TOTL.FE.IN,Curacao,CUW,75995,71759,84083,85063,85884,86109,83537,81416,80772,79361,78085
"Population, female",SP.POP.TOTL.FE.IN,Cyprus,CYP,389330,469782,587186,592342,597688,603093,608241,613199,617605,621034,624713
"Population, female",SP.POP.TOTL.FE.IN,Czechia,CZE,5318020,5262270,5355330,5363145,5370608,5382150,5397481,5416114,5428157,5331795,5414896
"Population, female",SP.POP.TOTL.FE.IN,Denmark,DNK,2607184,2700153,2842283,2861483,2882835,2900427,2913918,2923497,2931257,2943337,2966194
"Population, female",SP.POP.TOTL.FE.IN,Djibouti,DJI,290577,373098,497024,505777,514429,523091,531774,540367,548686,556667,564584
"Population, female",SP.POP.TOTL.FE.IN,Dominica,DMA,35009,34213,34444,34863,34895,35104,35370,35755,36112,36373,36577
"Population, female",SP.POP.TOTL.FE.IN,Dominican Republic,DOM,3576621,4217351,5096363,5160958,5224450,5286818,5348537,5409472,5472181,5535650,5594560
"Population, female",SP.POP.TOTL.FE.IN,Ecuador,ECU,5210778,6303121,7976779,8095675,8217460,8346245,8506021,8670974,8798448,8910903,9016398
"Population, female",SP.POP.TOTL.FE.IN,"Egypt, Arab Rep.",EGY,28364070,35234075,47193391,48251205,49274300,50273865,51250007,52189268,53107732,54001891,54865512
"Population, female",SP.POP.TOTL.FE.IN,El Salvador,SLV,2762433,3088675,3242771,3254990,3266614,3276963,3284064,3287678,3295300,3307476,3319856
"Population, female",SP.POP.TOTL.FE.IN,Equatorial Guinea,GNQ,236059,339229,614281,637482,660879,684340,707784,731149,751896,771091,790982
"Population, female",SP.POP.TOTL.FE.IN,Eritrea,ERI,1097182,1224856,1687076,1695227,1707716,1723370,1747412,1773958,1802355,1834472,1866154
"Population, female",SP.POP.TOTL.FE.IN,Estonia,EST,834865,745863,699900,699505,698703,698113,698657,699471,699645,699703,708455
"Population, female",SP.POP.TOTL.FE.IN,Eswatini,SWZ,442351,533927,573494,576287,579405,582740,586223,589812,594739,600441,605504
"Population, female",SP.POP.TOTL.FE.IN,Ethiopia,ETH,24040457,33426506,49550412,50911434,52324690,53779101,55246462,56745161,58284361,59839622,61399749
"Population, female",SP.POP.TOTL.FE.IN,Faroe Islands,FRO,22741,22047,23414,23607,23930,24272,24596,24932,25285,25509,25608
"Population, female",SP.POP.TOTL.FE.IN,Fiji,FJI,385178,409203,452426,453908,455142,456092,456721,457099,458543,460926,463626
"Population, female",SP.POP.TOTL.FE.IN,Finland,FIN,2566989,2650014,2775371,2782828,2788369,2792461,2794292,2795813,2798488,2803508,2810712
"Population, female",SP.POP.TOTL.FE.IN,France,FRA,29801207,31370713,34233592,34359025,34452635,34554791,34680632,34801750,34900402,35006272,35123991
"Population, female",SP.POP.TOTL.FE.IN,French Polynesia,PYF,100868,121308,142192,143309,144350,145448,146645,147819,149048,150255,151485
"Population, female",SP.POP.TOTL.FE.IN,Gabon,GAB,497111,639553,963066,992215,1020095,1046814,1072844,1098462,1123751,1148767,1173488
"Population, female",SP.POP.TOTL.FE.IN,"Gambia, The",GMB,525501,728476,1103078,1134792,1166502,1198214,1229801,1261541,1293962,1326796,1359657
"Population, female",SP.POP.TOTL.FE.IN,Georgia,GEO,2553176,2180268,1964758,1969065,1971253,1972199,1971912,1969251,1971581,1964929,1967488
"Population, female",SP.POP.TOTL.FE.IN,Germany,DEU,41215948,42230577,41123008,41441710,41750423,41890094,42006470,42096607,42128351,42146923,42450429
"Population, female",SP.POP.TOTL.FE.IN,Ghana,GHA,7795067,9905777,14136988,14473575,14814792,15148680,15472613,15798612,16129086,16457496,16780756
"Population, female",SP.POP.TOTL.FE.IN,Gibraltar,GIB,13366,13898,16250,16297,16320,16334,16351,16366,16372,16352,16341
"Population, female",SP.POP.TOTL.FE.IN,Greece,GRC,5155693,5421868,5540073,5508465,5489087,5480681,5471554,5467106,5456292,5391653,5323993
"Population, female",SP.POP.TOTL.FE.IN,Greenland,GRL,25521,26141,26546,26480,26525,26528,26462,26563,26657,26844,26909
"Population, female",SP.POP.TOTL.FE.IN,Grenada,GRD,49780,53397,58606,59160,59709,60239,60748,61240,61746,62254,62717
"Population, female",SP.POP.TOTL.FE.IN,Guam,GUM,65391,78996,82710,82982,83220,83401,83492,83522,83914,84655,85329
"Population, female",SP.POP.TOTL.FE.IN,Guatemala,GTM,4530225,5829545,7723659,7856056,7987891,8119332,8250539,8380231,8509834,8639673,8767508
"Population, female",SP.POP.TOTL.FE.IN,Guinea,GIN,3231211,4227368,5769149,5914257,6064194,6216323,6370216,6527547,6687118,6846006,7005320
"Population, female",SP.POP.TOTL.FE.IN,Guinea-Bissau,GNB,499688,630899,886107,908728,931364,953800,976163,998712,1021222,1043505,1065706
"Population, female",SP.POP.TOTL.FE.IN,Guyana,GUY,377423,380557,380184,383410,386678,389970,399474,405932,407303,410932,412743
"Population, female",SP.POP.TOTL.FE.IN,Haiti,HTI,3500949,4210027,5240216,5317590,5394724,5471873,5548683,5625310,5701407,5774718,5846285
"Population, female",SP.POP.TOTL.FE.IN,Honduras,HND,2500697,3292265,4512235,4595215,4678163,4761059,4844019,4927035,5008783,5087643,5165506
"Population, female",SP.POP.TOTL.FE.IN,"Hong Kong SAR, China",HKG,2800945,3380202,3871591,3915630,3945594,3976575,4009595,4040585,4028025,3994078,3961508
"Population, female",SP.POP.TOTL.FE.IN,Hungary,HUN,5392374,5351765,5167145,5151076,5132281,5114655,5101926,5092862,5077844,5055557,5013379
"Population, female",SP.POP.TOTL.FE.IN,Iceland,ISL,126918,140457,163141,164598,166298,169093,172511,175683,178482,181577,186202
"Population, female",SP.POP.TOTL.FE.IN,India,IND,420468106,511410095,631697152,639323292,647012921,654607791,661854076,668786993,675389679,681060412,685992675
"Population, female",SP.POP.TOTL.FE.IN,Indonesia,IDN,90771091,106407480,127158711,128574643,129940374,131253454,132530163,133784436,134930389,135900714,136798063
"Population, female",SP.POP.TOTL.FE.IN,"Iran, Islamic Rep.",IRN,27321946,32308864,39405613,40336099,41105603,41715123,42283609,42772045,43155308,43496643,43835978
"Population, female",SP.POP.TOTL.FE.IN,Iraq,IRQ,8950340,12383050,18414828,18907546,19369155,19826367,20301429,20774818,21259406,21736184,22205751
"Population, female",SP.POP.TOTL.FE.IN,Ireland,IRL,1768019,1914541,2353302,2376011,2401916,2427413,2456754,2490220,2515614,2539135,2586107
"Population, female",SP.POP.TOTL.FE.IN,Isle of Man,IMN,35654,38626,42321,42179,42110,42173,42267,42350,42415,42528,42660
"Population, female",SP.POP.TOTL.FE.IN,Israel,ISR,2364614,3189721,4137178,4216926,4297207,4378254,4460839,4544229,4622801,4699259,4790443
"Population, female",SP.POP.TOTL.FE.IN,Italy,ITA,29203666,29391838,31329027,31278411,31193971,31109769,31012809,30638263,30481007,30312143,30198875
"Population, female",SP.POP.TOTL.FE.IN,Jamaica,JAM,1217457,1318802,1402227,1406816,1410867,1413838,1415821,1417116,1420767,1424743,1424998
"Population, female",SP.POP.TOTL.FE.IN,Japan,JPN,62728216,64716290,65324683,65267090,65245704,65206949,65140618,65065286,64885399,64594414,64314912
"Population, female",SP.POP.TOTL.FE.IN,Jordan,JOR,1694011,2431055,4160394,4549538,4778803,4902957,5024293,5143079,5257947,5368123,5438953
"Population, female",SP.POP.TOTL.FE.IN,Kazakhstan,KAZ,8482848,7797373,9029051,9154229,9275967,9393051,9508427,9623458,9743042,9864589,10179087
"Population, female",SP.POP.TOTL.FE.IN,Kenya,KEN,11692664,15558445,23061826,23582948,24114618,24652004,25168522,25679257,26205082,26726429,27249938
"Population, female",SP.POP.TOTL.FE.IN,Kiribati,KIR,38013,45145,58943,59874,60836,61819,62820,63851,64968,66150,67289
"Population, female",SP.POP.TOTL.FE.IN,"Korea, Dem. People's Rep.",PRK,10742334,11989032,12801961,12855212,12907056,12956390,13003192,13047566,13089212,13127524,13164298
"Population, female",SP.POP.TOTL.FE.IN,"Korea, Rep.",KOR,21346470,23385302,25356139,25466609,25566204,25654936,25783018,25889856,25938911,25902500,25854364
"Population, female",SP.POP.TOTL.FE.IN,Kosovo,XKX,908756,827796,908173,896017,890797,897635,900766,896722,897541,895801,883877
"Population, female",SP.POP.TOTL.FE.IN,Kuwait,KWT,740711,802091,1586002,1569671,1585277,1616950,1661345,1702878,1689384,1659419,1672926
"Population, female",SP.POP.TOTL.FE.IN,Kyrgyz Republic,KGZ,2274207,2512284,2976832,3036877,3097615,3156721,3218986,3286075,3348689,3447311,3550345
"Population, female",SP.POP.TOTL.FE.IN,Lao PDR,LAO,2156074,2704952,3317084,3364007,3415910,3469110,3522442,3575847,3629574,3682483,3734796
"Population, female",SP.POP.TOTL.FE.IN,Latvia,LVA,1434317,1286989,1081749,1071516,1060135,1049155,1039395,1030582,1021768,1011596,1007636
"Population, female",SP.POP.TOTL.FE.IN,Lebanon,LBN,1826355,2182925,3157007,3225226,3167365,3105403,3039172,2967783,2914639,2879140,2827383
"Population, female",SP.POP.TOTL.FE.IN,Lesotho,LSO,913543,1021176,1064118,1075264,1087578,1100655,1114109,1127746,1141915,1155756,1168329
"Population, female",SP.POP.TOTL.FE.IN,Liberia,LBR,1114203,1470314,2277509,2323065,2369046,2413339,2458807,2505847,2556131,2608243,2661979
"Population, female",SP.POP.TOTL.FE.IN,Libya,LBY,1971151,2441925,2997221,3046854,3094517,3143706,3193468,3240076,3283983,3325769,3365279
"Population, female",SP.POP.TOTL.FE.IN,Liechtenstein,LIE,14470,16768,18719,18834,18947,19073,19220,19381,19534,19686,19825
"Population, female",SP.POP.TOTL.FE.IN,Lithuania,LTU,1958602,1873378,1577567,1560016,1537363,1512826,1495079,1487938,1485577,1486443,1501661
"Population, female",SP.POP.TOTL.FE.IN,Luxembourg,LUX,194761,221082,277710,283954,289781,296716,302297,308156,313207,317924,324394
"Population, female",SP.POP.TOTL.FE.IN,"Macao SAR, China",MAC,179517,224355,316594,323145,329873,336822,343986,351296,358628,364321,368988
"Population, female",SP.POP.TOTL.FE.IN,Madagascar,MDG,5896690,8068707,12065787,12383941,12710056,13044649,13384012,13728596,14076752,14424717,14775496
"Population, female",SP.POP.TOTL.FE.IN,Malawi,MWI,4896164,5764787,8485579,8719776,8956544,9197987,9445207,9698995,9958303,10218942,10480456
"Population, female",SP.POP.TOTL.FE.IN,Malaysia,MYS,8642988,11313791,14885695,15120922,15354558,15584594,15801948,16009996,16213821,16407343,16596389
"Population, female",SP.POP.TOTL.FE.IN,Maldives,MDV,107964,136593,177596,185089,192534,199814,206793,212884,217316,220721,222471
"Population, female",SP.POP.TOTL.FE.IN,Mali,MLI,4450642,5568260,8685277,8963345,9254197,9556879,9865821,10179843,10505701,10844239,11186771
"Population, female",SP.POP.TOTL.FE.IN,Malta,MLT,178990,196289,216022,220217,224158,229157,236050,244207,248434,248831,254244
"Population, female",SP.POP.TOTL.FE.IN,Marshall Islands,MHL,22445,26410,24596,24111,23591,23040,22460,21855,21224,20567,20346
"Population, female",SP.POP.TOTL.FE.IN,Mauritania,MRT,1003601,1345099,1968143,2019734,2072630,2126733,2182110,2238719,2296186,2354385,2414911
"Population, female",SP.POP.TOTL.FE.IN,Mauritius,MUS,524816,593992,636293,637471,638253,639185,639874,640430,640852,641465,639989
"Population, female",SP.POP.TOTL.FE.IN,Mexico,MEX,41509560,49973382,60610526,61325120,62029592,62712641,63328698,63898082,64410851,64849001,65309171
"Population, female",SP.POP.TOTL.FE.IN,"Micronesia, Fed. Sts.",FSM,48615,55399,54067,54295,54538,54800,55063,55307,55694,56233,56777
"Population, female",SP.POP.TOTL.FE.IN,Moldova,MDA,1574683,1539705,1499077,1487320,1469996,1444805,1419884,1397819,1383296,1363630,1330111
"Population, female",SP.POP.TOTL.FE.IN,Monaco,MCO,15894,16674,18393,18718,18884,18886,18887,18890,18827,18704,18596
"Population, female",SP.POP.TOTL.FE.IN,Mongolia,MNG,1085652,1234617,1459613,1491107,1523921,1557431,1591658,1626335,1658241,1686321,1712979
"Population, female",SP.POP.TOTL.FE.IN,Montenegro,MNE,308801,311220,318620,318773,318810,318854,318787,318725,318464,317538,316670
"Population, female",SP.POP.TOTL.FE.IN,Morocco,MAR,12299808,14275254,17027786,17235856,17442227,17646668,17840191,18022621,18213816,18410922,18605603
"Population, female",SP.POP.TOTL.FE.IN,Mozambique,MOZ,6824389,9112588,13315954,13714918,14135272,14567003,14996993,15433808,15884940,16339849,16793302
"Population, female",SP.POP.TOTL.FE.IN,Myanmar,MMR,20002052,22770251,25595912,25808518,26019857,26225112,26421724,26616900,26817022,27015414,27216740
"Population, female",SP.POP.TOTL.FE.IN,Namibia,NAM,705916,938437,1158729,1179466,1200715,1222272,1243822,1265266,1287438,1308985,1328449
"Population, female",SP.POP.TOTL.FE.IN,Nauru,NRU,4579,5023,5360,5479,5604,5729,5849,5955,6050,6151,6233
"Population, female",SP.POP.TOTL.FE.IN,Nepal,NPL,9647920,12161850,14323121,14447479,14601718,14777629,14952540,15128288,15368183,15664025,15901334
"Population, female",SP.POP.TOTL.FE.IN,Netherlands,NLD,7563158,8047967,8506166,8540483,8582315,8629295,8676043,8729744,8776125,8820968,8903166
"Population, female",SP.POP.TOTL.FE.IN,New Caledonia,NCL,83650,105093,133089,134000,134622,135158,135581,135859,135971,135794,135334
"Population, female",SP.POP.TOTL.FE.IN,New Zealand,NZL,1690176,1963891,2304264,2348652,2399067,2446947,2486439,2517499,2567944,2578123,2584111
"Population, female",SP.POP.TOTL.FE.IN,Nicaragua,NIC,2140163,2594751,3149486,3194985,3240784,3286867,3333171,3379591,3426548,3474910,3524605
"Population, female",SP.POP.TOTL.FE.IN,Niger,NER,4187921,5768657,9553826,9925014,10315083,10716126,11128131,11553632,11991269,12443587,12914594
"Population, female",SP.POP.TOTL.FE.IN,Nigeria,NGA,47392609,61103614,88929439,91192351,93474951,95832952,98222504,100623652,103084231,105574310,108093075
"Population, female",SP.POP.TOTL.FE.IN,North Macedonia,MKD,1006573,1006416,1035259,1036836,1038171,1039359,1040371,1040755,1038868,1035460,1032057
"Population, female",SP.POP.TOTL.FE.IN,Northern Mariana Islands,MNP,22727,42127,24430,24189,23933,23669,23401,23127,22956,22884,22916
"Population, female",SP.POP.TOTL.FE.IN,Norway,NOR,2144309,2266735,2554202,2577286,2598214,2618212,2635181,2652054,2666540,2680087,2703524
"Population, female",SP.POP.TOTL.FE.IN,Oman,OMN,777902,1000486,1417894,1477375,1531734,1580938,1629789,1678067,1722614,1758703,1790804
"Population, female",SP.POP.TOTL.FE.IN,Pakistan,PAK,55569854,74623871,101436628,102985590,104630327,106376569,108293156,110278237,112381099,114586264,116863982
"Population, female",SP.POP.TOTL.FE.IN,Palau,PLW,7058,8959,8353,8339,8384,8427,8476,8537,8595,8643,8679
"Population, female",SP.POP.TOTL.FE.IN,Panama,PAN,1215409,1493614,1940824,1975219,2010059,2045156,2080041,2114030,2145526,2174744,2204170
"Population, female",SP.POP.TOTL.FE.IN,Papua New Guinea,PNG,1814003,2631423,4068046,4176197,4284284,4391815,4498858,4605722,4710175,4811553,4910305
"Population, female",SP.POP.TOTL.FE.IN,Paraguay,PRY,2006578,2534814,3027162,3071251,3116116,3161074,3205602,3249592,3294711,3338534,3378612
"Population, female",SP.POP.TOTL.FE.IN,Peru,PER,11080623,13364073,15312249,15496198,15704688,15939422,16242003,16556679,16805323,17020361,17192503
"Population, female",SP.POP.TOTL.FE.IN,Philippines,PHL,30529390,38563851,50025302,50842060,51723461,52616948,53496816,54369671,55243033,56062865,56879731
"Population, female",SP.POP.TOTL.FE.IN,Poland,POL,19541082,19684019,19611835,19600554,19594548,19598693,19599212,19595179,19564918,19493868,18995573
"Population, female",SP.POP.TOTL.FE.IN,Portugal,PRT,5174513,5327445,5460676,5445951,5433909,5425635,5424120,5430271,5437732,5473258,5498027
"Population, female",SP.POP.TOTL.FE.IN,Puerto Rico,PRI,1824012,1975948,1847092,1816703,1783979,1743631,1676985,1679953,1728988,1721560,1702091
"Population, female",SP.POP.TOTL.FE.IN,Qatar,QAT,143518,212122,562633,597391,639636,680215,712137,751299,754994,734561,740889
"Population, female",SP.POP.TOTL.FE.IN,Romania,ROU,11874417,11571276,10269735,10220714,10160603,10102021,10044758,9994608,9944933,9876919,9833682
"Population, female",SP.POP.TOTL.FE.IN,Russian Federation,RUS,78635282,78132050,77153880,77273424,77378095,77431943,77393346,77329730,77147284,77189393,77249735
"Population, female",SP.POP.TOTL.FE.IN,Rwanda,RWA,3675901,4205706,5843900,5979182,6121445,6269800,6418989,6568936,6723217,6879649,7035658
"Population, female",SP.POP.TOTL.FE.IN,Samoa,WSM,79735,88287,98400,99370,100415,101510,102603,103759,105296,107213,109007
"Population, female",SP.POP.TOTL.FE.IN,San Marino,SMR,11805,13702,17148,17242,17381,17492,17530,17527,17444,17326,17281
"Population, female",SP.POP.TOTL.FE.IN,Sao Tome and Principe,STP,60512,72094,98903,100713,102465,104172,105837,107476,109528,111802,113972
"Population, female",SP.POP.TOTL.FE.IN,Saudi Arabia,SAU,6890505,9230142,13761419,13975740,14124969,14364501,14682638,14991273,15110254,15184150,15429586
"Population, female",SP.POP.TOTL.FE.IN,Senegal,SEN,3789744,4917618,7111154,7307890,7508739,7714564,7925155,8140163,8359194,8579664,8800406
"Population, female",SP.POP.TOTL.FE.IN,Serbia,SRB,3907051,3887892,3708638,3691286,3672802,3653751,3633970,3614847,3591804,3558849,3470118
"Population, female",SP.POP.TOTL.FE.IN,Seychelles,SYC,34750,40339,43671,44575,45099,45576,45934,46256,46598,46958,56766
"Population, female",SP.POP.TOTL.FE.IN,Sierra Leone,SLE,2181394,2308186,3567901,3653843,3742430,3833302,3924338,4016374,4109203,4201801,4293526
"Population, female",SP.POP.TOTL.FE.IN,Singapore,SGP,1519568,1969770,2613879,2643311,2677036,2679065,2691403,2722116,2712947,2601057,2689047
"Population, female",SP.POP.TOTL.FE.IN,Sint Maarten (Dutch part),SXM,14037,15617,17951,18393,18836,19114,19248,19488,19731,19831,19909
"Population, female",SP.POP.TOTL.FE.IN,Slovak Republic,SVK,2711251,2770637,2778259,2779841,2782101,2785261,2788054,2790976,2793108,2787545,2777654
"Population, female",SP.POP.TOTL.FE.IN,Slovenia,SVN,1034494,1021311,1040642,1039891,1038201,1036459,1037800,1042591,1047063,1048601,1050321
"Population, female",SP.POP.TOTL.FE.IN,Solomon Islands,SLB,155589,207810,291650,299207,306834,314498,322200,329962,337950,346168,354373
"Population, female",SP.POP.TOTL.FE.IN,Somalia,SOM,3506800,4362674,6637951,6864502,7128282,7413310,7685953,7969926,8246544,8509953,8775069
"Population, female",SP.POP.TOTL.FE.IN,South Africa,ZAF,20454959,24591889,28228865,28721087,29004108,29175940,29517286,29879107,30221143,30497646,30725879
"Population, female",SP.POP.TOTL.FE.IN,South Sudan,SSD,2436748,3148479,5667728,5658104,5593169,5388641,5256106,5280526,5358155,5427688,5508626
"Population, female",SP.POP.TOTL.FE.IN,Spain,ESP,19835238,20696897,23627558,23626850,23662382,23734338,23851736,24030201,24152012,24178936,24361595
"Population, female",SP.POP.TOTL.FE.IN,Sri Lanka,LKA,8523172,9430039,10958989,11017785,11071811,11121609,11212976,11288193,11354528,11481595,11498234
"Population, female",SP.POP.TOTL.FE.IN,St. Kitts and Nevis,KNA,20718,22887,24387,24430,24472,24515,24545,24562,24570,24591,24646
"Population, female",SP.POP.TOTL.FE.IN,St. Lucia,LCA,72238,80669,87752,88222,88683,89132,89573,90001,90411,90712,90909
"Population, female",SP.POP.TOTL.FE.IN,St. Martin (French part),MAF,13697,15161,18501,18361,18248,18084,17752,17372,17076,16759,16680
"Population, female",SP.POP.TOTL.FE.IN,St. Vincent and the Grenadines,VCT,55609,55810,52139,51944,51704,51523,51425,51288,51199,51123,51020
"Population, female",SP.POP.TOTL.FE.IN,Sudan,SDN,10372354,13066984,18496684,19084493,19690357,20344125,21005857,21624451,22231053,22842482,23454198
"Population, female",SP.POP.TOTL.FE.IN,Suriname,SUR,207106,238153,284406,287483,290695,294024,297374,300864,304409,307598,310416
"Population, female",SP.POP.TOTL.FE.IN,Sweden,SWE,4330930,4485532,4846823,4892930,4949232,5010725,5063720,5110007,5142210,5169131,5201777
"Population, female",SP.POP.TOTL.FE.IN,Switzerland,CHE,3435750,3673543,4140499,4184583,4225760,4261807,4292467,4322218,4352384,4384035,4417801
"Population, female",SP.POP.TOTL.FE.IN,Syrian Arab Republic,SYR,6114715,8055934,9962642,9541583,9430784,9451008,9636103,10024320,10364931,10643230,11046621
"Population, female",SP.POP.TOTL.FE.IN,Tajikistan,TJK,2757542,3193403,4149426,4244558,4341940,4439244,4538006,4640105,4741717,4843921,4944055
"Population, female",SP.POP.TOTL.FE.IN,Tanzania,TZA,13246588,17422895,25829040,26682282,27588579,28504126,29411111,30309141,31229064,32170681,33126817
"Population, female",SP.POP.TOTL.FE.IN,Thailand,THA,27613526,31994172,35728989,35928923,36120993,36304062,36456433,36584375,36706197,36807094,36890933
"Population, female",SP.POP.TOTL.FE.IN,Timor-Leste,TLS,363283,426881,580201,590849,600053,609206,618322,627425,637023,647343,657338
"Population, female",SP.POP.TOTL.FE.IN,Togo,TGO,1950251,2512911,3632229,3722767,3814990,3908948,4004288,4101080,4199517,4299551,4400474
"Population, female",SP.POP.TOTL.FE.IN,Tonga,TON,48727,50460,53359,53207,53093,53032,52981,52956,53161,53578,54010
"Population, female",SP.POP.TOTL.FE.IN,Trinidad and Tobago,TTO,639221,672541,735428,740577,745604,750563,761204,768058,768972,772874,775955
"Population, female",SP.POP.TOTL.FE.IN,Tunisia,TUN,4190262,4932858,5752827,5821555,5890057,5957666,6023338,6086590,6148895,6205901,6257745
"Population, female",SP.POP.TOTL.FE.IN,Turkiye,TUR,26922234,31867550,38440841,38962439,39497319,40020312,40572768,41164975,41578108,41972288,42398537
"Population, female",SP.POP.TOTL.FE.IN,Turkmenistan,TKM,1900626,2319309,2861936,2913195,2963818,3013322,3061479,3108189,3154282,3200126,3244911
"Population, female",SP.POP.TOTL.FE.IN,Turks and Caicos Islands,TCA,5642,9134,17267,18046,18906,19707,20535,21341,21952,22385,22697
"Population, female",SP.POP.TOTL.FE.IN,Tuvalu,TUV,4773,4869,5272,5261,5244,5230,5252,5301,5367,5449,5513
"Population, female",SP.POP.TOTL.FE.IN,Uganda,UGA,9012225,12269915,18416102,18983798,19617063,20303726,20994287,21707475,22431520,23153140,23848253
"Population, female",SP.POP.TOTL.FE.IN,Ukraine,UKR,27899496,26402974,24331203,24252850,24163867,24063444,23945847,23824417,23696954,23540666,20550751
"Population, female",SP.POP.TOTL.FE.IN,United Arab Emirates,ARE,628689,1037745,2528177,2579445,2628601,2675811,2721838,2767844,2811921,2853108,2893385
"Population, female",SP.POP.TOTL.FE.IN,United Kingdom,GBR,29430816,30197282,32802913,33041408,33270675,33477363,33662065,33835792,33948108,33913559,33876555
"Population, female",SP.POP.TOTL.FE.IN,United States,USA,127417991,143251716,161084758,162158414,163224028,164151818,164926348,165599805,167203010,167550001,168266219
"Population, female",SP.POP.TOTL.FE.IN,Uruguay,URY,1595955,1697283,1754081,1759187,1764048,1767547,1769223,1769262,1768921,1766768,1764421
"Population, female",SP.POP.TOTL.FE.IN,Uzbekistan,UZB,10245281,12321034,15377752,15645110,15916811,16186297,16470365,16783206,17107641,17446107,17809564
"Population, female",SP.POP.TOTL.FE.IN,Vanuatu,VUT,73501,94242,133885,137185,140606,144135,147683,151256,154903,158631,162433
"Population, female",SP.POP.TOTL.FE.IN,"Venezuela, RB",VEN,9850103,12185778,15164502,15341129,15457477,15379664,15021517,14605811,14376694,14243056,14304904
"Population, female",SP.POP.TOTL.FE.IN,Viet Nam,VNM,34252096,40349076,46239694,46709887,47171586,47620370,48058062,48488283,48922527,49331842,49685569
"Population, female",SP.POP.TOTL.FE.IN,Virgin Islands (U.S.),VIR,53452,56755,56498,56504,56516,56522,56512,56473,56425,56360,56275
"Population, female",SP.POP.TOTL.FE.IN,West Bank and Gaza,PSE,985040,1450409,2095174,2144431,2193382,2236936,2293162,2350358,2408409,2467389,2527169
"Population, female",SP.POP.TOTL.FE.IN,"Yemen, Rep.",YEM,6669864,9237162,13700388,14077389,14453847,14831892,15211556,15593113,15963067,16313210,16673411
"Population, female",SP.POP.TOTL.FE.IN,Zambia,ZMB,3972733,5128364,7993413,8247891,8507289,8772120,9041177,9314079,9589102,9864121,10140033
"Population, female",SP.POP.TOTL.FE.IN,Zimbabwe,ZWE,5247850,6213071,7347527,7502101,7656047,7810471,7966181,8122618,8284447,8449834,8614935
"Population, female",SP.POP.TOTL.FE.IN,Africa Eastern and Southern,AFE,156942214,204048614,295089133,303195897,311387401,319637365,328159112,336930970,345889868,354855221,363834524
"Population, female",SP.POP.TOTL.FE.IN,Africa Western and Central,AFW,103478502,134795501,198163527,203513873,208980433,214578994,220253839,226004857,231877590,237813580,243821774
"Population, female",SP.POP.TOTL.FE.IN,Arab World,ARB,110398337,139693402,191779023,195750959,199698235,203801793,208132727,212559954,216611530,220449451,224567216
"Population, female",SP.POP.TOTL.FE.IN,Caribbean small states,CSS,3069551,3319576,3628240,3651814,3674260,3695743,3728153,3752901,3768158,3787953,3801204
"Population, female",SP.POP.TOTL.FE.IN,Central Europe and the Baltics,CEB,57031966,56124654,53496159,53355228,53199616,53049259,52923890,52831512,52711617,52324701,51610899
"Population, female",SP.POP.TOTL.FE.IN,Early-demographic dividend,EAR,1000971895,1225868818,1533843225,1555534321,1577172737,1598467945,1619621606,1640571424,1660776296,1679668733,1698128100
"Population, female",SP.POP.TOTL.FE.IN,East Asia & Pacific,EAS,899230347,1011202023,1124363347,1132480258,1140631457,1148973657,1156325542,1162819080,1168212257,1171818433,1174761743
"Population, female",SP.POP.TOTL.FE.IN,East Asia & Pacific (excluding high income),EAP,790319314,894620704,1000426980,1008136176,1015853335,1023814218,1030799094,1036952911,1042276097,1046360637,1049546011
"Population, female",SP.POP.TOTL.FE.IN,East Asia & Pacific (IDA & IBRD countries),TEA,779581559,882636695,987630379,995286443,1002951883,1010863557,1017801751,1023911300,1029192935,1033239264,1036387946
"Population, female",SP.POP.TOTL.FE.IN,Euro area,EMU,162586160,167335805,175467339,175912692,176334083,176624235,176970342,177119929,177322684,177296719,177985711
"Population, female",SP.POP.TOTL.FE.IN,Europe & Central Asia,ECS,435545973,446140773,465522613,467397941,469225387,470816365,472343545,473698379,474696556,475305622,473573460
"Population, female",SP.POP.TOTL.FE.IN,Europe & Central Asia (excluding high income),ECA,188699633,193413671,202237130,203366183,204481069,205500902,206438852,207415325,208096329,208935008,206938238
"Population, female",SP.POP.TOTL.FE.IN,Europe & Central Asia (IDA & IBRD countries),TEC,222581911,226992548,234308910,235357266,236388612,237325926,238185803,239094218,239684143,240296140,237745171
"Population, female",SP.POP.TOTL.FE.IN,European Union,EUU,216115932,220624384,227284277,227701749,228096871,228378522,228709904,228844281,228982644,228709655,228741176
"Population, female",SP.POP.TOTL.FE.IN,Fragile and conflict affected situations,FCS,243750296,308260942,429705036,439354512,449222863,459254647,469365294,479874526,490841979,501872425,510439184
"Population, female",SP.POP.TOTL.FE.IN,Heavily indebted poor countries (HIPC),HPC,180376392,239115828,354672951,364898491,375468846,386450620,397550330,408802314,420301490,431874592,443481605
"Population, female",SP.POP.TOTL.FE.IN,High income,HIC,522043955,558640139,607228968,610154367,613106300,615861100,618591853,621046694,623731124,623780484,625390533
"Population, female",SP.POP.TOTL.FE.IN,IBRD only,IBD,1711381894,1969016145,2281753612,2304997932,2327554498,2349710071,2370442529,2389807714,2407349460,2422282219,2432176151
"Population, female",SP.POP.TOTL.FE.IN,IDA & IBRD total,IBT,2141793632,2523525835,3053100301,3093047311,3133098065,3173371448,3212753577,3251348879,3288659224,3323637442,3353669405
"Population, female",SP.POP.TOTL.FE.IN,IDA blend,IDB,140099111,182933597,255432531,260726799,266142637,271731222,277518848,283421387,289535686,295794577,302182863
"Population, female",SP.POP.TOTL.FE.IN,IDA only,IDX,290312627,371576093,515914158,527322580,539400930,551930155,564792200,578119778,591774078,605560646,619310391
"Population, female",SP.POP.TOTL.FE.IN,IDA total,IDA,430411738,554509690,771346689,788049379,805543567,823661377,842311048,861541165,881309764,901355223,921493254
"Population, female",SP.POP.TOTL.FE.IN,Late-demographic dividend,LTE,920573120,1017349509,1113370721,1120424834,1127359879,1134642254,1141049073,1146645429,1151096795,1154421749,1156382805
"Population, female",SP.POP.TOTL.FE.IN,Latin America & Caribbean,LCN,222335534,263094024,311405153,314670796,317911145,321079477,324094906,327045069,329839148,332282078,334627975
"Population, female",SP.POP.TOTL.FE.IN,Latin America & Caribbean (excluding high income),LAC,199584540,236352929,279960468,282933364,285928560,289021267,292237425,295382427,298189549,300640527,302854949
"Population, female",SP.POP.TOTL.FE.IN,Latin America & the Caribbean (IDA & IBRD countries),TLA,214771449,255038531,303236469,306520707,309784674,312988678,316070405,319018906,321766441,324233250,326615474
"Population, female",SP.POP.TOTL.FE.IN,Least developed countries: UN classification,LDC,256764545,331086529,466875594,478230665,489939753,501973657,514136761,526583374,539408102,552334137,565220666
"Population, female",SP.POP.TOTL.FE.IN,Low & middle income,LMY,2104412490,2484655435,3012600624,3052418474,3092384143,3132721034,3172418217,3211379220,3248939491,3284225391,3314730415
"Population, female",SP.POP.TOTL.FE.IN,Low income,LIC,145501374,192480867,284508254,291715418,299441024,307547231,315996146,324935881,334076789,343180550,352439865
"Population, female",SP.POP.TOTL.FE.IN,Lower middle income,LMC,906044373,1109485988,1406603746,1428720142,1450747932,1472615698,1494196452,1515408651,1536499416,1556792861,1573309215
"Population, female",SP.POP.TOTL.FE.IN,Middle East & North Africa,MEA,125165300,156343495,208078483,212191189,216061701,219860378,223852488,227893479,231463027,234778441,238387287
"Population, female",SP.POP.TOTL.FE.IN,Middle East & North Africa (excluding high income),MNA,113225813,140383027,183368728,187033982,190497484,193789915,197192506,200652903,203945586,207085794,210254976
"Population, female",SP.POP.TOTL.FE.IN,Middle East & North Africa (IDA & IBRD countries),TMN,112240773,138932618,181273554,184889551,188304102,191552979,194899344,198302545,201537177,204618405,207727807
"Population, female",SP.POP.TOTL.FE.IN,Middle income,MIC,1958911116,2292174568,2728092370,2760703056,2792943119,2825173803,2856422071,2886443339,2914862702,2941044841,2962290550
"Population, female",SP.POP.TOTL.FE.IN,North America,NAC,141411454,158775594,178973509,180180442,181449436,182591613,183618832,184553808,186357793,186813974,187882380
"Population, female",SP.POP.TOTL.FE.IN,OECD members,OED,562968693,610979679,671821798,675781192,679873133,683794567,687682174,691199908,694988644,696395369,698861252
"Population, female",SP.POP.TOTL.FE.IN,Other small states,OSS,8902428,10690183,13785778,14062250,14337612,14614138,14881926,15150360,15367032,15551414,15787189
"Population, female",SP.POP.TOTL.FE.IN,Pacific island small states,PSS,868213,995807,1186311,1200236,1214287,1228312,1242108,1255838,1271751,1289709,1308286
"Population, female",SP.POP.TOTL.FE.IN,Post-demographic dividend,PST,493784222,521871218,557044535,559283597,561575855,563512103,565324131,566799181,568843087,568485897,566936764
"Population, female",SP.POP.TOTL.FE.IN,Pre-demographic dividend,PRE,209800980,278074344,417351684,429248989,441383208,453838944,466509604,479470722,492774153,506152223,519608514
"Population, female",SP.POP.TOTL.FE.IN,Small states,SST,12840192,15005566,18600329,18914300,19226159,19538193,19852187,20159099,20406941,20629076,20896679
"Population, female",SP.POP.TOTL.FE.IN,South Asia,SAS,552197224,681081328,853398329,864283574,875300960,886423949,897383323,908086083,918711070,928581582,937536709
"Population, female",SP.POP.TOTL.FE.IN,South Asia (IDA & IBRD),TSA,552197224,681081328,853398329,864283574,875300960,886423949,897383323,908086083,918711070,928581582,937536709
"Population, female",SP.POP.TOTL.FE.IN,Sub-Saharan Africa,SSF,260420716,338844115,493252660,506709770,520367834,534216359,548412951,562935827,577767458,592668801,607656298
"Population, female",SP.POP.TOTL.FE.IN,Sub-Saharan Africa (excluding high income),SSA,260385966,338803776,493208989,506665195,520322735,534170783,548367017,562889571,577720860,592621843,607599532
"Population, female",SP.POP.TOTL.FE.IN,Sub-Saharan Africa (IDA & IBRD countries),TSS,260420716,338844115,493252660,506709770,520367834,534216359,548412951,562935827,577767458,592668801,607656298
"Population, female",SP.POP.TOTL.FE.IN,Upper middle income,UMC,1052866743,1182688580,1321488624,1331982914,1342195187,1352558105,1362225619,1371034688,1378363286,1384251980,1388981335
"Population, female",SP.POP.TOTL.FE.IN,World,WLD,2636306548,3055481352,3634994094,3677913970,3720947920,3763961798,3806031587,3847031725,3887047309,3922248931,3954425852
